<?xml version="1.0" encoding="UTF-8"?>
<show>

  <!-- include text ressources -->
  <rde-dm:include content="modules/modTemplateDefinitions/resources/resources.xml"/>

  <!-- data -->
  <rde-dm:attribute mode="condition">
    <rde-dm:constraint>session:transient.stm.admin.ShowTemplateDefinitions.last.wbf.actionName eq 'SaveTemplateDefinitionAttribute'</rde-dm:constraint>
    <rde-dm:if>
      <rde-dm:attribute attribute="session:transient.stm.admin.ShowTemplateDefinitions.last.action_request" mode="read" op="xml" tag="notag" />
    </rde-dm:if>
    <rde-dm:else>
      <rde-dm:attribute attribute="session:transient.stm.admin.ShowTemplateDefinitions.action_request" mode="read" op="xml" tag="notag" />
    </rde-dm:else>
  </rde-dm:attribute>
  <rde-dm:attribute attribute="session:transient.stm.admin.ShowTemplateDefinitions.definitions" mode="read" op="xml" tag="notag" />
  <rde-dm:attribute attribute="session:transient.stm.admin.ShowTemplateDefinitions.instances" mode="read" op="xml" tag="notag" />
  <rde-dm:attribute attribute="session:transient.stm.admin.ShowTemplateDefinitions.instance" mode="read" op="xml" tag="notag" />
  <rde-dm:attribute attribute="session:transient.stm.admin.ShowTemplateDefinitions.available-projects" mode="read" op="xml" tag="notag" />
  <rde-dm:attribute attribute="session:transient.stm.admin.ShowTemplateDefinitions.available-applications" mode="read" op="xml" tag="notag" />
  <rde-dm:attribute attribute="session:transient.stm.admin.ShowTemplateDefinitions.last.action_errors" mode="read" op="xml" tag="lastResponse" />

  <!-- get current called action -->
  <rde-dm:attribute attribute="session:currentAction" mode="read" tag="currentAction"/>
  <rde-dm:attribute attribute="session:transient.stm.admin.ShowTemplateDefinitions.last.wbf.actionName" mode="read" tag="lastAction"/>

</show>