<?xml version="1.0" encoding="UTF-8"?>
<resources>
  <headlineSuccess><![CDATA[Info]]></headlineSuccess>
  <headlineWarning><![CDATA[Warnung]]></headlineWarning>
  <headlineError><![CDATA[Fehler]]></headlineError>
  <messages>
    <message key="registration.succeeded"><![CDATA[Registrierung ist erfolgreich abgeschlossen. Eine Bestätigungsemail wurde an Deine Email-Adresse versendet.]]></message>
    <message key="registration.confirmation.succeeded">Herzlich Willkommen. Ihr Konto wurde nun freigeschaltet und Sie können sich mit Ihrem Benutzernamen und Passwort ab sofort anmelden.</message>
    <message key="registration.confirmation.failed">Die Registrierung konnte nicht erfolgreich bestätigt werden. Bitte kontaktieren Sie unseren Support oder wiederholen Sie die Registrierung.</message>
    <message key="action.set_to_default"><![CDATA[Die angefragte Aktion konnte nicht ausgeführt werden. Entweder bist Du nicht berechtigt oder die Aktion wurde nicht gefunden.]]></message>
    <message key="forgotpassword.succeeded">Ihre Passwortanforderung war erfolgreich. Überprüfen Sie Ihre Emails. Sie sollten in Kürze eine Bestätigungsemail erhalten.</message>
    <message key="forgotpassword.failed">Ihre Passwortanforderung ist fehlgeschlagen. Bitte wenden Sie sich an den Support.</message>
    <message key="forgotpassword.confirmation.succeeded">Ihre 'Passwort vergessen' Bestätigung war erfolgreich. Ändern Sie nun Ihr Passwort.</message>
    <message key="forgotpassword.confirmation.failed">Ihre 'Passwort vergessen' Bestätigung ist fehlgeschlagen. Bitte wenden Sie sich an Ihren Support.</message>
    <message key="savefilter.succeeded"><![CDATA[Die aktuellen Filtereinstellungen wurden in den gespeicherten Suchen speichert.]]></message>
  </messages>
</resources>