<?xml version="1.0" encoding="UTF-8"?>
<content type="news">
  <title><![CDATA[Fusce dapibus, tellus ac (en)]]></title>
  <intro><![CDATA[Donec id elit non mi porta gravida at eget metus. Fusce dapibus, tellus ac cursus commodo, tortor mauris condimentum nibh, ut fermentum massa justo sit amet risus. Etiam porta sem malesuada magna mollis euismod. Donec sed odio dui]]></intro>
  <text><![CDATA[<p>Donec id elit non mi porta gravida at eget metus. Fusce dapibus, tellus ac cursus commodo, tortor mauris condimentum nibh, ut fermentum massa justo sit amet risus. Etiam porta sem malesuada magna mollis euismod. Donec sed odio dui</p><p>Donec id elit non mi porta gravida at eget metus. Fusce dapibus, tellus ac cursus commodo, tortor mauris condimentum nibh, ut fermentum massa justo sit amet risus. Etiam porta sem malesuada magna mollis euismod. Donec sed odio dui</p>]]></text>
  <image><![CDATA[people-q-c-140-140-1.jpg]]></image>
  <creator><![CDATA[Bernfried Howe]]></creator>
  <createdAt><![CDATA[14.09.2012 9:30]]></createdAt>
  <rde-dm:tagging mode="getAssignedTags" configuration-project="wbfcommunity" tagging-configuration="NewsTags" sortedby="name" sortorder="asc"> 
    <rde-rd:target> 
      <project>wbfcommunity</project> 
      <type>content</type> 
      <content>content/news/news1.xml</content> 
      <locale>en</locale> 
    </rde-rd:target> 
  </rde-dm:tagging>
  <comments>
    <comment>
      <creator><![CDATA[Bernfried Howe]]></creator>
      <createdAt><![CDATA[14.09.2012 9:30]]></createdAt>
      <text><![CDATA[Donec id elit non mi porta gravida at eget metus. Fusce dapibus, tellus ac cursus commodo, tortor mauris condimentum nibh, ut fermentum massa justo sit amet risus. Etiam porta sem malesuada magna mollis euismod. Donec sed odio dui]]></text>
    </comment>
    <comment>
      <creator><![CDATA[Bernfried Howe]]></creator>
      <createdAt><![CDATA[14.09.2012 9:30]]></createdAt>
      <text><![CDATA[Donec id elit non mi porta gravida at eget metus. Fusce dapibus, tellus ac cursus commodo, tortor mauris condimentum nibh, ut fermentum massa justo sit amet risus. Etiam porta sem malesuada magna mollis euismod. Donec sed odio dui]]></text>
    </comment>
    <comment>
      <creator><![CDATA[Bernfried Howe]]></creator>
      <createdAt><![CDATA[14.09.2012 9:30]]></createdAt>
      <text><![CDATA[Donec id elit non mi porta gravida at eget metus. Fusce dapibus, tellus ac cursus commodo, tortor mauris condimentum nibh, ut fermentum massa justo sit amet risus. Etiam porta sem malesuada magna mollis euismod. Donec sed odio dui]]></text>
    </comment>
  </comments>
  <attachments>
    <attachment>
      <name><![CDATA[my presentation]]></name>
      <file><![CDATA[my_presentation.pptx]]></file>
      <mimetype><![CDATA[application/pptx]]></mimetype>
      <size><![CDATA[253 kb]]></size>
    </attachment>
    <attachment>
      <name><![CDATA[my 2nd presentation]]></name>
      <file><![CDATA[my_2nd_presentation.pptx]]></file>
      <mimetype><![CDATA[application/pptx]]></mimetype>
      <size><![CDATA[343 kb]]></size>
    </attachment>
  </attachments>
  <images>
    <image>
      <name><![CDATA[my foto]]></name>
      <file><![CDATA[my_foto.jpg]]></file>
      <mimetype><![CDATA[jpg]]></mimetype>
      <size><![CDATA[133 kb]]></size>
    </image>
    <image>
      <name><![CDATA[my 2nd foto]]></name>
      <file><![CDATA[my_2nd_foto.jpg]]></file>
      <mimetype><![CDATA[jpg]]></mimetype>
      <size><![CDATA[103 kb]]></size>
    </image>
  </images>
  <likes>
    <name><![CDATA[Hans]]></name>
    <name><![CDATA[Klaus]]></name>
    <name><![CDATA[Dieter]]></name>
  </likes>
</content>