<resources>

  <!-- general -->
  <headlineLogin><![CDATA[Login]]></headlineLogin>
  <descriptionLogin><![CDATA[Log in to the WBF-Community with your username and password.]]></descriptionLogin>
  <headlineRegister><![CDATA[New to the WBF-Community]]></headlineRegister>
  <descriptionRegister><![CDATA[...then register yourself to the WBF-Community in a few steps and you will get a login within the next minutes.]]></descriptionRegister>

  <!-- labels -->
  <labelLogin><![CDATA[Username]]></labelLogin>
  <labelPassword><![CDATA[Password]]></labelPassword>

  <!-- info text -->
  <infoTextLogin><![CDATA[Type in your WBF-Framework username.]]></infoTextLogin>
  <infoTextPassword><![CDATA[Type in your WBF-Framework password.]]></infoTextPassword>

  <!-- buttons -->
  <btnLogin><![CDATA[Login]]></btnLogin>
  <btnRegister><![CDATA[Start Registration]]></btnRegister>
  <btnForgotPwd><![CDATA[Forgot Password]]></btnForgotPwd>

  <!-- messages -->
  <msgFailedLogin><![CDATA[The login failed. Please check your input.]]></msgFailedLogin>
  <msgLoginNotAuthorized><![CDATA[You are not authorized for this application. Please ask support for authorization.]]></msgLoginNotAuthorized>
  <msgForgotPasswordLoginRequired><![CDATA[We need your login to identify you.]]></msgForgotPasswordLoginRequired>

</resources>