<?xml version="1.0" encoding="UTF-8"?>
<resources>
  <headlineSuccess><![CDATA[Info]]></headlineSuccess>
  <headlineWarning><![CDATA[Warnung]]></headlineWarning>
  <headlineError><![CDATA[Fehler]]></headlineError>
  <messages>
    <message key="registration.succeeded"><![CDATA[Registrierung ist erfolgreich abgeschlossen. Eine Bestätigungsemail wurde an Deine Email-Adresse versendet.]]></message>
    <message key="action.set_to_default"><![CDATA[Die angefragte Aktion konnte nicht ausgeführt werden. Entweder bist Du nicht berechtigt oder die Aktion wurde nicht gefunden.]]></message>
  </messages>
</resources>