<?xml version="1.0" encoding="UTF-8"?>

<rde:Tag model-version="4.0" version="4.0.1" xmlns:rde="http://www.reddot.de/rde/ns" xmlns:rde-dm="http://www.reddot.de/rde/ns/dm" xmlns:rde-fdl="http://www.reddot.de/rde/ns/fdl" xmlns:rde-idea="http://www.reddot.de/rde/ns/idea" xmlns:rde-rd="http://www.reddot.de/2000/rde/rd" xmlns:rde-xmaps="http://www.reddot.de/rde/ns/xmaps" xmlns:xsl="http://www.w3.org/1999/XSL/Transform" xmlns:xsl-template="http://www.reddot.de/rde/ns/template">
  <rde:name><![CDATA[de]]></rde:name>
  <rde:project><![CDATA[wbfcommunity]]></rde:project>
  <rde:id>100</rde:id>
  <rde:type>1</rde:type>
  <rde:lastChange>1358378320119</rde:lastChange>
  <rde:author><![CDATA[anonymous]]></rde:author>
  <rde:isIndexedRubric>1</rde:isIndexedRubric>
</rde:Tag>