<resources>
  <empty-text><![CDATA[The current selection criteria did not find any news.]]></empty-text>
  <title-editor><![CDATA[Editor]]></title-editor>
  <title-created-at><![CDATA[Creation date]]></title-created-at>
  <title-documents><![CDATA[Attachments]]></title-documents>
  <title-images><![CDATA[Attachments]]></title-images>
  <title-likes><![CDATA[Likes]]></title-likes>
  <title-comments><![CDATA[Comments]]></title-comments>
  <label-view-details><![CDATA[View details »]]></label-view-details>
  <label-tags><![CDATA[Tags:]]></label-tags>
</resources>