<?xml version="1.0" encoding="UTF-8"?>
<resources>

  <!-- general text -->
  <headline><![CDATA[Profildaten ändern]]></headline>
  <description><![CDATA[Im nachfolgenden Formular kannst Du Dein Profil ändern.]]></description>

  <!-- labels -->
  <labelEmail><![CDATA[Email-Adresse]]></labelEmail>
  <labelFirstName><![CDATA[Vorname]]></labelFirstName>
  <labelLastName><![CDATA[Nachname]]></labelLastName>
  <labelPassword><![CDATA[Passwort]]></labelPassword>
  <labelPassword2><![CDATA[Passwort (wiederholen)]]></labelPassword2>
  <labelTimezone><![CDATA[Zeitzone]]></labelTimezone>
  <labelLanguage><![CDATA[Sprache]]></labelLanguage>

  <!-- supported languages -->
  <languages>
    <language>
      <name>Deutsch</name>
      <value>de</value>
    </language>
    <language>
      <name>Englisch</name>
      <value>en</value>
    </language>
  </languages>

  <!-- info text -->
  <infoTextEmail><![CDATA[Geben Sie Ihre Email-Adresse ein, über die Sie benachrichtigt werden möchten.]]></infoTextEmail>
  <infoTextFirstName><![CDATA[Geben Sie Ihren Vornamen an, damit wir Sie persönlich ansprechen können.]]></infoTextFirstName>
  <infoTextLastName><![CDATA[Geben Sie Ihren Nachnamen an, damit wir Sie persönlich ansprechen können.]]></infoTextLastName>
  <infoTextPassword><![CDATA[Geben Sie ein sicheres Passwort ein. Es sollte kleine und große Buchstaben, Zahlen und Zeichen enthalten und mind. 8 Zeichen lang sein.]]></infoTextPassword>
  <infoTextPassword2><![CDATA[Geben Sie zur Sicherheit nochmals Ihr gewünschtes Passwort ein.]]></infoTextPassword2>
  <infoTextLanguages><![CDATA[Bitte wähle Deine Oberflächensprache aus.]]></infoTextLanguages>
  <infoTextTimezones><![CDATA[Bitte wähle die Zeitzone Deines Standortes aus.]]></infoTextTimezones>
  
  <!-- messages -->
  <messages>
    <message code="1" field="email"><![CDATA[Email-Adresse hat ein ungültiges Format.]]></message>
    <message code="4" field="email"><![CDATA[Email-Adresse ist ein Pflichtfeld.]]></message>
    <message code="2" field="firstName"><![CDATA[Der Vorname muss mind. 2 und darf max. 30 Zeichen lang sein.]]></message>
    <message code="3" field="firstName"><![CDATA[Der Vorname muss mind. 2 und darf max. 30 Zeichen lang sein.]]></message>
    <message code="4" field="firstName"><![CDATA[Der Vorname ist ein Pflichtfeld.]]></message>
    <message code="2" field="lastName"><![CDATA[Der Nachname muss mind. 2 und darf max. 30 Zeichen lang sein.]]></message>
    <message code="3" field="lastName"><![CDATA[Der Nachname muss mind. 2 und darf max. 30 Zeichen lang sein.]]></message>
    <message code="4" field="lastName"><![CDATA[Der Nachname ist ein Pflichtfeld]]></message>
    <message code="2" field="password"><![CDATA[Das Passwort muss mind. 8 und darf max. 20 Zeichen lang sein.]]></message>
    <message code="3" field="password"><![CDATA[Der Passwort muss mind. 8 und darf max. 20 Zeichen lang sein.]]></message>
    <message code="2" field="password2"><![CDATA[Das Passwort muss mind. 8 und darf max. 20 Zeichen lang sein.]]></message>
    <message code="3" field="password2"><![CDATA[Das Passwort muss mind. 8 und darf max. 20 Zeichen lang sein.]]></message>
    <message code="10" field="password2"><![CDATA[Das Passwort ist nicht mit der ersten Eingabe identisch.]]></message>
  </messages>
  <msgSuccess><![CDATA[Dein Profil wurde erfolgreich geändert.]]></msgSuccess>
  <msgFailed><![CDATA[Deine Änderungen konnten nicht gespeichert werden. Bitte prüfe Deine Eingaben.]]></msgFailed><!-- buttons --><btnSave><![CDATA[Änderungen speichern]]></btnSave>

</resources>