<resources>

  <!-- general -->
  <headlineLogin><![CDATA[Login]]></headlineLogin>
  <descriptionLogin><![CDATA[Log in to the WBF Framework with your username and password.]]></descriptionLogin>
  <headlineRegister><![CDATA[Registration]]></headlineRegister>
  <descriptionRegister><![CDATA[Create your own account in a minute.]]></descriptionRegister>

  <!-- labels -->
  <labelLogin><![CDATA[Username]]></labelLogin>
  <labelPassword><![CDATA[Password]]></labelPassword>

  <!-- info text -->
  <infoTextLogin><![CDATA[Type in your WBF-Framework username.]]></infoTextLogin>
  <infoTextPassword><![CDATA[Type in your WBF-Framework password.]]></infoTextPassword>

  <!-- buttons -->
  <btnLogin><![CDATA[Login]]></btnLogin>
  <btnRegister><![CDATA[Start Registration]]></btnRegister>

  <!-- messages -->
  <msgFailedLogin><![CDATA[The login failed. Please check your input.]]></msgFailedLogin>
  <msgLoginNotAuthorized><![CDATA[You are not authorized for this application. Please ask support for authorization.]]></msgLoginNotAuthorized>

</resources>