<resources>

  <!-- general -->
  <headlineLogin><![CDATA[Anmeldung]]></headlineLogin>
  <descriptionLogin><![CDATA[Melde Dich mit Deinem Benutzernamen und Passwort an der WBF-Community an.]]></descriptionLogin>
  <headlineRegister><![CDATA[Neu in der WBF-Community]]></headlineRegister>
  <descriptionRegister><![CDATA[...dann registriere Dich in der WBF-Community und erhalte in wenigen Minuten Deine Zugangsdaten.]]></descriptionRegister>

  <!-- labels -->
  <labelLogin><![CDATA[Benutzername]]></labelLogin>
  <labelPassword><![CDATA[Passwort]]></labelPassword>

  <!-- info text -->
  <infoTextLogin><![CDATA[Gebe Deinen WBF-Framework Benutzernamen an.]]></infoTextLogin>
  <infoTextPassword><![CDATA[Gebe Dein Passwort für das WBF-Framework an.]]></infoTextPassword>
  
  <!-- buttons -->
  <btnLogin><![CDATA[Anmelden]]></btnLogin>
  <btnRegister><![CDATA[Registrierung starten]]></btnRegister>
  <btnForgotPwd><![CDATA[Passwort vergessen]]></btnForgotPwd>

  <!-- messages -->
  <msgFailedLogin><![CDATA[Die Anmeldung ist fehlgeschlagen. Bitte prüfe Deine Eingaben.]]></msgFailedLogin>
  <msgLoginNotAuthorized><![CDATA[Sie sind für diese Anwendung nicht autorisiert. Bitte wenden Sie sich an den Support.]]></msgLoginNotAuthorized>
  <msgForgotPasswordLoginRequired><![CDATA[Wir benötigen Ihren Benutzernamen, um Sie zu identifizieren.]]></msgForgotPasswordLoginRequired>

</resources>