<?xml version="1.0" encoding="UTF-8"?>
<resources>
  <headlineSuccess><![CDATA[Info]]></headlineSuccess>
  <headlineWarning><![CDATA[Warning]]></headlineWarning>
  <headlineError><![CDATA[Error]]></headlineError>
  <messages>
    <message key="registration.succeeded">Registration was successful. You will get a confirmation email to activate your account.</message>
    <message key="registration.confirmation.succeeded">Gratulations. Your account is now activated and you can login with your credentials.</message>
    <message key="registration.confirmation.failed">Confirmation of registration failed. Please contact our support.</message>
    <message key="action.set_to_default"><![CDATA[The requested action could not be executed. May be you are not authorized or the action could not be found.]]></message>
    <message key="forgotpassword.succeeded">Your password request was successful. Check your email account for an confirmation email.</message>
    <message key="forgotpassword.failed">Your password request failed because of technical reasons. Please contact our support.</message>
    <message key="forgotpassword.confirmation.succeeded">Your 'Forgot Password' confirmation was successful. Now change your password.</message>
    <message key="forgotpassword.confirmation.failed">Your 'Forgot Password' confirmation failed. Please contact our support.</message>
    <message key="savefilter.succeeded"><![CDATA[Current filter settings have been stored in your user profile as saved search.]]></message>
  </messages>
</resources>