<resources>

  <!-- general -->
  <headlineLogin><![CDATA[Anmeldung]]></headlineLogin>
  <descriptionLogin><![CDATA[Melde Dich mit Deinem Benutzernamen und Passwort am WBF-Framework an.]]></descriptionLogin>
  <headlineRegister><![CDATA[Registrierung]]></headlineRegister>
  <descriptionRegister><![CDATA[Registriere Dich und eröffne Dein eigenes Konto.]]></descriptionRegister>

  <!-- labels -->
  <labelLogin><![CDATA[Benutzername]]></labelLogin>
  <labelPassword><![CDATA[Passwort]]></labelPassword>

  <!-- info text -->
  <infoTextLogin><![CDATA[Gebe Deinen WBF-Framework Benutzernamen an.]]></infoTextLogin>
  <infoTextPassword><![CDATA[Gebe Dein Passwort für das WBF-Framework an.]]></infoTextPassword>
  
  <!-- buttons -->
  <btnLogin><![CDATA[Anmelden]]></btnLogin>
  <btnRegister><![CDATA[Registrierung starten]]></btnRegister>

  <!-- messages -->
  <msgFailedLogin><![CDATA[Die Anmeldung ist fehlgeschlagen. Bitte prüfe Deine Eingaben.]]></msgFailedLogin>
  <msgLoginNotAuthorized><![CDATA[Sie sind für diese Anwendung nicht autorisiert. Bitte wenden Sie sich an den Support.]]></msgLoginNotAuthorized>

</resources>