<?xml version="1.0" encoding="UTF-8"?>
<resources>

  <!-- general text -->
  <headline><![CDATA[Generator-Templates verwalten]]></headline>
  <headlineSelect><![CDATA[Definition/Instanz auswählen]]></headlineSelect>
  <descriptionSelect><![CDATA[Wählen Sie eine Template Definition und eine Instanz über die nachfolgenden Auswahllisten aus, um Eigenschaften oder Aktionen zu verwalten.]]></descriptionSelect>
  <headlineGeneral><![CDATA[Generelle Eigenschaften der ausgewählten Instanz]]></headlineGeneral>
  <descriptionGeneral><![CDATA[Sie können die Eigenschaften ändern oder ein Attribut auswählen, welches Sie bearbeiten wollen.]]></descriptionGeneral>
  <headlineAttribute><![CDATA[Eigenschaften des ausgewählten Attributs]]></headlineAttribute>
  <descriptionAttribute><![CDATA[Sie können die Eigenschaften des Attributs ändern.]]></descriptionAttribute>
  <headlineInstanceNew><![CDATA[Neue Instanz erstellen]]></headlineInstanceNew>
  <descriptionInstanceNew><![CDATA[Geben Sie den Namen der neuen Instanz an. Dieser sollte eindeutig und noch nicht in Verwendung sein.]]></descriptionInstanceNew>
  <textPleaseSelect><![CDATA[Bitte wählen...]]></textPleaseSelect>
  <headlineAction><![CDATA[Eigenschaften der ausgewählten Aktion]]></headlineAction>
  <descriptionAction><![CDATA[Sie können die Eigenschaften der Aktion ändern.]]></descriptionAction>
  <headlineActionForward><![CDATA[Eigenschaften der ausgewählten Weiterleitung]]></headlineActionForward>
  <descriptionActionForward><![CDATA[Sie können die Eigenschaften der Weiterleitung ändern.]]></descriptionActionForward>

  <!-- labels -->
  <labelDefinitions><![CDATA[Template Definition auswählen]]></labelDefinitions>
  <labelInstances><![CDATA[Instanz auswählen]]></labelInstances>
  <labelControllerName><![CDATA[Name des Moduls]]></labelControllerName>
  <labelTargetProject><![CDATA[Name des Zielprojekts]]></labelTargetProject>
  <labelTargetApplication><![CDATA[Name der Ziel-Applikation]]></labelTargetApplication>
  <labelAttributes><![CDATA[Attribut auswählen]]></labelAttributes>
  <labelActions><![CDATA[Aktion auswählen]]></labelActions>
  <labelForwards><![CDATA[Weiterleitung auswählen]]></labelForwards>
  <labelAttributeName><![CDATA[Name des Attributs]]></labelAttributeName>
  <labelAttributeMinLength><![CDATA[Mindestlänge]]></labelAttributeMinLength>
  <labelAttributeMaxLength><![CDATA[Maximallänge]]></labelAttributeMaxLength>
  <labelAttributeMandatory><![CDATA[Pflichtfeld]]></labelAttributeMandatory>
  <labelAttributePattern><![CDATA[Eingabemuster]]></labelAttributePattern>
  <labelAttributeType><![CDATA[Feldtyp]]></labelAttributeType>
  <labelAttributeIsKey><![CDATA[Schlüsselwert]]></labelAttributeIsKey>
  <labelAttributeShowInList><![CDATA[In Listdarstellung anzeigen]]></labelAttributeShowInList>
  <labelAttributeNew><![CDATA[Neues Attribute hinzufügen (Name)]]></labelAttributeNew>
  <labelActionNew><![CDATA[Neue Aktion hinzufügen (Name)]]></labelActionNew>
  <labelForwardNew><![CDATA[Neue Weiterleitung hinzufügen (Name)]]></labelForwardNew>
  <labelInstanceNew><![CDATA[Neue Instanz hinzufügen (Name)]]></labelInstanceNew>
  <labelActionForwardName><![CDATA[Name der Weiterleitung]]></labelActionForwardName>
  <labelActionForwardType><![CDATA[Weiterleitungstyp]]></labelActionForwardType>
  <labelActionForwardAction><![CDATA[Aktion (Weiterleitung)]]></labelActionForwardAction>
  <labelActionForwardView><![CDATA[HTML-Seite]]></labelActionForwardView>
  <labelActionForwardTemplate><![CDATA[XSL-Stylesheet/Template]]></labelActionForwardTemplate>
  <labelActionAttributes><![CDATA[Relevante Attribute]]></labelActionAttributes>
  <labelActionPackageName><![CDATA[Java Package Name]]></labelActionPackageName>
  <labelActionGroup><![CDATA[Benutzergruppe]]></labelActionGroup>

  <!-- info text -->
  <infoTextDefinitions><![CDATA[Wähle die gewünschte Template Definition aus.]]></infoTextDefinitions>
  <infoTextInstances><![CDATA[Wähle die gewünschte Instanz aus, die verwendet oder kopiert werden soll.]]></infoTextInstances>
  <infoTextControllerName><![CDATA[Wähle einen eindeutigen Namen für das neue Modul aus.]]></infoTextControllerName>
  <infoTextTargetProject><![CDATA[Gebe den Namen eines existierenden DS-Projekts als Zielprojekt an.]]></infoTextTargetProject>
  <infoTextTargetApplication><![CDATA[Gebe den Namen einer existierenden WBF-Applikation als Ziel für Aktionen an.]]></infoTextTargetApplication>
  <infoTextAttributes><![CDATA[Wähle das gewünschte Attribut aus, das bearbeitet werden soll.]]></infoTextAttributes>
  <infoTextActions><![CDATA[Wähle die gewünschte Aktion aus, die bearbeitet werden soll.]]></infoTextActions>
  <infoTextForwards><![CDATA[Wähle die gewünschte Weiterleitung aus, die bearbeitet werden soll.]]></infoTextForwards>
  <infoTextActionAttributes><![CDATA[Wählen Sie die Attribute aus, die für diese Aktion relevant sind.]]></infoTextActionAttributes>
  <infoTextActionPackageName><![CDATA[Geben Sie den Java Package Pfad an, der für diese Aktion verwendet werden soll z.B. 'administration.test'.]]></infoTextActionPackageName>
  <infoTextActionGroup><![CDATA[Geben Sie den Namen einer bestehenden Benutzergruppe an z.B. 'wbfAdministrators'.]]></infoTextActionGroup>
  <infoTextInstanceNew><![CDATA[Geben Sie den Namen der neuen Instanz ein.]]></infoTextInstanceNew>
  <infoTextAttributeNew><![CDATA[Geben Sie den Namen des neuen Attributs ein.]]></infoTextAttributeNew>
  <infoTextActionNew><![CDATA[Geben Sie den Namen der neuen Aktion ein.]]></infoTextActionNew>
  <infoTextAttributeName><![CDATA[Geben Sie den Namen des neuen Attributs ein.]]></infoTextAttributeName>

  <types>
    <type key="hidden">Verstecktes Feld</type>
    <type key="input">Eingabefeld</type>
    <type key="textarea">Textfeld</type>
    <type key="select">Auswahlliste (Drop-Down)</type>
    <type key="checkbox">Checkboxen</type>
    <type key="option">Radiobuttons</type>
  </types>

  <forward-types>
    <type key="1">Weiterleitung via XCHG</type>
    <type key="4">Weiterleitung auf Referer</type>
    <type key="5">Weiterleitung auf eine Aktion</type>
    <type key="2">Redirect auf eine Aktion</type>
    <type key="3">Redirect auf einen Inhalt</type>
  </forward-types>

  <yesNoOptions>
    <type key="0">Nein</type>
    <type key="1">Ja</type>
  </yesNoOptions>

  <!-- messages -->
  <messages>
    <message code="1" field="controllerName"><![CDATA[Falsches Format (muss mit einem Buchstaben beginnen gefolgt von a-z, A-Z, 0-9)]]></message>
    <message code="4" field="controllerName"><![CDATA[Pflichtfeld]]></message>
    <message code="1" field="targetProject"><![CDATA[Falsches Format (a-z, A-Z, 0-9)]]></message>
    <message code="4" field="targetProject"><![CDATA[Pflichtfeld]]></message>
    <message code="1" field="targetApplication"><![CDATA[Falsches Format (a-z, A-Z, 0-9)]]></message>
    <message code="4" field="targetApplication"><![CDATA[Pflichtfeld]]></message>
    <message code="1" field="instanceName"><![CDATA[Falsches Format (a-z, A-Z, 0-9)]]></message>
    <message code="4" field="instanceName"><![CDATA[Pflichtfeld]]></message>
    <message code="1" field="attributeName"><![CDATA[Falsches Format (a-z, A-Z, 0-9)]]></message>
    <message code="4" field="attributeName"><![CDATA[Pflichtfeld]]></message>
    <message code="1" field="actionName"><![CDATA[Falsches Format (a-z, A-Z, 0-9)]]></message>
    <message code="4" field="actionName"><![CDATA[Pflichtfeld]]></message>
    <message code="1" field="forwardName"><![CDATA[Falsches Format (a-z, A-Z, 0-9)]]></message>
    <message code="4" field="forwardName"><![CDATA[Pflichtfeld]]></message>
    <message code="1" field="attributes"><![CDATA[Falsches Format (a-z, A-Z, 0-9)]]></message>
    <message code="4" field="attributes"><![CDATA[Pflichtfeld]]></message>
    <message code="1" field="packageName"><![CDATA[Falsches Format (z.B. aaaa.bbbb.cccc)]]></message>
    <message code="4" field="packageName"><![CDATA[Pflichtfeld]]></message>
    <message code="4" field="group"><![CDATA[Pflichtfeld]]></message>
    <message code="1" field="name"><![CDATA[Falsches Format (muss mit einem kleinen Buchstaben beginnen z.B. abcDef)]]></message>
    <message code="4" field="name"><![CDATA[Pflichtfeld]]></message>
    <message code="4" field="mandatory"><![CDATA[Pflichtfeld]]></message>
    <message code="1" field="minLength"><![CDATA[Falsches Format (1-999 erlaubt)]]></message>
    <message code="4" field="minLength"><![CDATA[Pflichtfeld]]></message>
    <message code="1" field="maxLength"><![CDATA[Falsches Format (1-999 erlaubt)]]></message>
    <message code="4" field="maxLength"><![CDATA[Pflichtfeld]]></message>
    <message code="4" field="pattern"><![CDATA[Pflichtfeld]]></message>
    <message code="4" field="type"><![CDATA[Pflichtfeld]]></message>
    <message code="4" field="key"><![CDATA[Pflichtfeld]]></message>
    <message code="4" field="showInList"><![CDATA[Pflichtfeld]]></message>
    <message code="1" field="forwardActionName"><![CDATA[Falsches Format (muss mit großen Buchstaben beginnen)]]></message>
    <message code="4" field="forwardType"><![CDATA[Pflichtfeld]]></message>
  </messages>
  <msgSuccess key="update"><![CDATA[Die Änderungen wurden erfolgreich gespeichert.]]></msgSuccess>
  <msgSuccess key="delete"><![CDATA[Der Eintrag wurde erfolgreich gelöscht.]]></msgSuccess>
  <msgSuccess key="create"><![CDATA[Der neue Eintrag wurde erfolgreich erstellt.]]></msgSuccess>
  <msgFailed key="update"><![CDATA[Die Änderungen konnten nicht gespeichert werden. Bitte überprüfen Sie Ihre Eingaben.]]></msgFailed>
  <msgFailed key="delete"><![CDATA[Der Eintrag konnte nicht gelöscht werden. Bitte versuchen Sie es erneut oder wenden Sie sich an den Administrator.]]></msgFailed>
  <msgFailed key="create"><![CDATA[Der neue Eintrag konnte nicht erstellt werden. Bitte überprüfen Sie Ihre Eingaben.]]></msgFailed>

  <!-- buttons -->
  <btnRefresh><![CDATA[Aktualisieren]]></btnRefresh>
  <btnUpdate><![CDATA[Änderungen speichern]]></btnUpdate>
  <btnDelete><![CDATA[Löschen]]></btnDelete>
  <btnGenerate><![CDATA[Instanz genieren]]></btnGenerate>

</resources>