<?xml version="1.0" encoding="UTF-8"?>
<resources>

  <!-- general text -->
  <headline><![CDATA[Erstelle Dein eigenes Konto]]></headline>
  <description><![CDATA[Fülle die nachfolgenden Felder für Dein Profil aus.]]></description>

  <!-- labels -->
  <labelLogin><![CDATA[Benutzername]]></labelLogin>
  <labelEmail><![CDATA[Email-Adresse]]></labelEmail>
  <labelFirstName><![CDATA[Vorname]]></labelFirstName>
  <labelLastName><![CDATA[Nachname]]></labelLastName>
  <labelPassword><![CDATA[Passwort]]></labelPassword>
  <labelPassword2><![CDATA[Passwort (wiederholen)]]></labelPassword2>
  <labelTimezone><![CDATA[Zeitzone]]></labelTimezone>

  <!-- info text -->
  <infoTextLogin><![CDATA[Geben Sie Ihren Benutzernamen an, mit dem Du Dich anmelden möchtest. Dieser muss mind. 5 und darf max. 20 Zeichen haben.]]></infoTextLogin>
  <infoTextEmail><![CDATA[Geben Sie Ihre Email-Adresse ein, über die Sie benachrichtigt werden möchten.]]></infoTextEmail>
  <infoTextFirstName><![CDATA[Geben Sie Ihren Vornamen an, damit wir Sie persönlich ansprechen können.]]></infoTextFirstName>
  <infoTextLastName><![CDATA[Geben Sie Ihren Nachnamen an, damit wir Sie persönlich ansprechen können.]]></infoTextLastName>
  <infoTextPassword><![CDATA[Geben Sie ein sicheres Passwort ein. Es sollte kleine und große Buchstaben, Zahlen und Zeichen enthalten und mind. 8 Zeichen lang sein.]]></infoTextPassword>
  <infoTextPassword2><![CDATA[Geben Sie zur Sicherheit nochmals Ihr gewünschtes Passwort ein.]]></infoTextPassword2>
  <infoTextTimezones><![CDATA[Bitte wähle die Zeitzone Deines Standortes aus.]]></infoTextTimezones>

  <!-- messages -->
  <messages>
    <message field="login" code="2"><![CDATA[Der Benutzername muss mind. 5 und darf max. 20 Zeichen lang sein.]]></message>
    <message field="login" code="3"><![CDATA[Der Benutzername muss mind. 5 und darf max. 20 Zeichen lang sein.]]></message>
    <message field="login" code="4"><![CDATA[Der Benutzername ist ein Pflichtfeld.]]></message>
    <message field="login" code="10"><![CDATA[Dieser Benutzername ist bereits vergeben.]]></message>
    <message field="email" code="1"><![CDATA[Email-Adresse hat ein ungültiges Format.]]></message>
    <message field="email" code="4"><![CDATA[Email-Adresse ist ein Pflichtfeld.]]></message>
    <message field="firstName" code="2"><![CDATA[Der Vorname muss mind. 2 und darf max. 30 Zeichen lang sein.]]></message>
    <message field="firstName" code="3"><![CDATA[Der Vorname muss mind. 2 und darf max. 30 Zeichen lang sein.]]></message>
    <message field="firstName" code="4"><![CDATA[Der Vorname ist ein Pflichtfeld.]]></message>
    <message field="lastName" code="2"><![CDATA[Der Nachname muss mind. 2 und darf max. 30 Zeichen lang sein.]]></message>
    <message field="lastName" code="3"><![CDATA[Der Nachname muss mind. 2 und darf max. 30 Zeichen lang sein.]]></message>
    <message field="lastName" code="4"><![CDATA[Der Nachname ist ein Pflichtfeld]]></message>
    <message field="password" code="2"><![CDATA[Das Passwort muss mind. 8 und darf max. 20 Zeichen lang sein.]]></message>
    <message field="password" code="3"><![CDATA[Der Passwort muss mind. 8 und darf max. 20 Zeichen lang sein.]]></message>
    <message field="password" code="4"><![CDATA[Das Passwort ist ein Pflichtfeld.]]></message>
    <message field="password2" code="2"><![CDATA[Das Passwort muss mind. 8 und darf max. 20 Zeichen lang sein.]]></message>
    <message field="password2" code="3"><![CDATA[Das Passwort muss mind. 8 und darf max. 20 Zeichen lang sein.]]></message>
    <message field="password2" code="4"><![CDATA[Die Passwort-Wiederholung ist ein Pflichtfeld.]]></message>
    <message field="password2" code="10"><![CDATA[Das Passwort ist nicht mit der ersten Eingabe identisch.]]></message>
  </messages>
  <msgSuccess><![CDATA[Dein Profil wurde erfolgreich angelegt. Du wirst in Kürze eine Bestätigungsemail erhalten.]]></msgSuccess>
  <msgFailed><![CDATA[Dein Profil konnte nicht gespeichert werden. Bitte prüfe Deine Eingaben.]]></msgFailed>

  <!-- buttons -->
  <btnSave><![CDATA[Profil anlegen]]></btnSave>

</resources>