<resources>
  <empty-text><![CDATA[Das aktuelle Selektionskriterium ergab keine Treffer.]]></empty-text>
  <title-editor><![CDATA[Autor]]></title-editor>
  <title-created-at><![CDATA[Erstellt am]]></title-created-at>
  <title-documents><![CDATA[Anhänge]]></title-documents>
  <title-images><![CDATA[Bilder]]></title-images>
  <title-likes><![CDATA[Likes]]></title-likes>
  <title-comments><![CDATA[Kommentare]]></title-comments>
  <label-view-details><![CDATA[Weiterlesen »]]></label-view-details>
  <label-tags><![CDATA[Tags:]]></label-tags>
</resources>