<?xml version="1.0" encoding="UTF-8"?>

<rde-xmaps:content version="4.0.1" xmlns:fo="http://www.w3.org/1999/XSL/Format" xmlns:rde="http://www.reddot.de/rde/ns" xmlns:rde-dm="http://www.reddot.de/rde/ns/dm" xmlns:rde-fdl="http://www.reddot.de/rde/ns/fdl" xmlns:rde-idea="http://www.reddot.de/rde/ns/idea" xmlns:rde-rd="http://www.reddot.de/2000/rde/rd" xmlns:rde-rdf="http://www.reddot.de/rde/ns/rdf" xmlns:rde-xmaps="http://www.reddot.de/rde/ns/xmaps" xmlns:rdf="http://www.w3.org/TR/REC-rdf-syntax/" xmlns:xsl="http://www.w3.org/1999/XSL/Transform" xmlns:xsl-template="http://www.reddot.de/rde/ns/template">
  <rde-xmaps:final>
    <rde:StandardContent model-version="4.0" xmlns:rde="http://www.reddot.de/rde/ns">
      <rde:name><![CDATA[definition.xml]]></rde:name>
      <rde:description><![CDATA[definition.xml]]></rde:description>
      <rde:creator><![CDATA[bernfried]]></rde:creator>
      <rde:creationTime>1356444736394</rde:creationTime>
      <rde:lastUpdateTime>1358157850161</rde:lastUpdateTime>
      <rde:lastEditor><![CDATA[wbfadmin]]></rde:lastEditor>
      <rde:version>1132</rde:version>
      <rde:versionComment><![CDATA[[#vcApiUpdate#]                                                                                                                                                                                                                                                                               ]]></rde:versionComment>
      <rde:dynamic>true</rde:dynamic>
      <rde:finalStatus>true</rde:finalStatus>
      <rde:fattr>
        <rde:entry>
          <rde:key><![CDATA[]]></rde:key>
          <rde:FAttrOwner>
            <rde:attributes>
              <rde:entry>
                <rde:key><![CDATA[]]></rde:key>
                <rde:Attribute>
                  <rde:childs>
                    <rde:Attribute>
                      <rde:name><![CDATA[root]]></rde:name>
                      <rde:childs>
                        <rde:Attribute>
                          <rde:name><![CDATA[attributes]]></rde:name>
                          <rde:childs>
                            <rde:Attribute>
                              <rde:name><![CDATA[curApplication]]></rde:name>
                              <rde:childs>
                                <rde:Attribute>
                                  <rde:name><![CDATA[type]]></rde:name>
                                  <rde:childs is-null="true" />
                                </rde:Attribute>
                                <rde:Attribute>
                                  <rde:name><![CDATA[name]]></rde:name>
                                  <rde:childs is-null="true" />
                                </rde:Attribute>
                                <rde:Attribute>
                                  <rde:name><![CDATA[minLength]]></rde:name>
                                  <rde:childs is-null="true" />
                                </rde:Attribute>
                                <rde:Attribute>
                                  <rde:name><![CDATA[maxLength]]></rde:name>
                                  <rde:childs is-null="true" />
                                </rde:Attribute>
                                <rde:Attribute>
                                  <rde:name><![CDATA[mandatory]]></rde:name>
                                  <rde:childs is-null="true" />
                                </rde:Attribute>
                                <rde:Attribute>
                                  <rde:name><![CDATA[pattern]]></rde:name>
                                  <rde:childs is-null="true" />
                                </rde:Attribute>
                                <rde:Attribute>
                                  <rde:name><![CDATA[key]]></rde:name>
                                  <rde:childs is-null="true" />
                                </rde:Attribute>
                                <rde:Attribute>
                                  <rde:name><![CDATA[showInList]]></rde:name>
                                  <rde:childs is-null="true" />
                                </rde:Attribute>
                              </rde:childs>
                            </rde:Attribute>
                            <rde:Attribute>
                              <rde:name><![CDATA[curAction]]></rde:name>
                              <rde:childs>
                                <rde:Attribute>
                                  <rde:name><![CDATA[maxLength]]></rde:name>
                                  <rde:childs is-null="true" />
                                </rde:Attribute>
                                <rde:Attribute>
                                  <rde:name><![CDATA[name]]></rde:name>
                                  <rde:childs is-null="true" />
                                </rde:Attribute>
                                <rde:Attribute>
                                  <rde:name><![CDATA[mandatory]]></rde:name>
                                  <rde:childs is-null="true" />
                                </rde:Attribute>
                                <rde:Attribute>
                                  <rde:name><![CDATA[pattern]]></rde:name>
                                  <rde:childs is-null="true" />
                                </rde:Attribute>
                                <rde:Attribute>
                                  <rde:name><![CDATA[type]]></rde:name>
                                  <rde:childs is-null="true" />
                                </rde:Attribute>
                                <rde:Attribute>
                                  <rde:name><![CDATA[minLength]]></rde:name>
                                  <rde:childs is-null="true" />
                                </rde:Attribute>
                                <rde:Attribute>
                                  <rde:name><![CDATA[key]]></rde:name>
                                  <rde:childs is-null="true" />
                                </rde:Attribute>
                                <rde:Attribute>
                                  <rde:name><![CDATA[showInList]]></rde:name>
                                  <rde:childs is-null="true" />
                                </rde:Attribute>
                              </rde:childs>
                            </rde:Attribute>
                            <rde:Attribute>
                              <rde:name><![CDATA[curAttribute]]></rde:name>
                              <rde:childs>
                                <rde:Attribute>
                                  <rde:name><![CDATA[pattern]]></rde:name>
                                  <rde:childs is-null="true" />
                                </rde:Attribute>
                                <rde:Attribute>
                                  <rde:name><![CDATA[mandatory]]></rde:name>
                                  <rde:childs is-null="true" />
                                </rde:Attribute>
                                <rde:Attribute>
                                  <rde:name><![CDATA[type]]></rde:name>
                                  <rde:childs is-null="true" />
                                </rde:Attribute>
                                <rde:Attribute>
                                  <rde:name><![CDATA[minLength]]></rde:name>
                                  <rde:childs is-null="true" />
                                </rde:Attribute>
                                <rde:Attribute>
                                  <rde:name><![CDATA[maxLength]]></rde:name>
                                  <rde:childs is-null="true" />
                                </rde:Attribute>
                                <rde:Attribute>
                                  <rde:name><![CDATA[name]]></rde:name>
                                  <rde:childs is-null="true" />
                                </rde:Attribute>
                                <rde:Attribute>
                                  <rde:name><![CDATA[key]]></rde:name>
                                  <rde:childs is-null="true" />
                                </rde:Attribute>
                                <rde:Attribute>
                                  <rde:name><![CDATA[showInList]]></rde:name>
                                  <rde:childs is-null="true" />
                                </rde:Attribute>
                              </rde:childs>
                            </rde:Attribute>
                            <rde:Attribute>
                              <rde:name><![CDATA[curForward]]></rde:name>
                              <rde:childs>
                                <rde:Attribute>
                                  <rde:name><![CDATA[minLength]]></rde:name>
                                  <rde:childs is-null="true" />
                                </rde:Attribute>
                                <rde:Attribute>
                                  <rde:name><![CDATA[mandatory]]></rde:name>
                                  <rde:childs is-null="true" />
                                </rde:Attribute>
                                <rde:Attribute>
                                  <rde:name><![CDATA[type]]></rde:name>
                                  <rde:childs is-null="true" />
                                </rde:Attribute>
                                <rde:Attribute>
                                  <rde:name><![CDATA[pattern]]></rde:name>
                                  <rde:childs is-null="true" />
                                </rde:Attribute>
                                <rde:Attribute>
                                  <rde:name><![CDATA[maxLength]]></rde:name>
                                  <rde:childs is-null="true" />
                                </rde:Attribute>
                                <rde:Attribute>
                                  <rde:name><![CDATA[name]]></rde:name>
                                  <rde:childs is-null="true" />
                                </rde:Attribute>
                                <rde:Attribute>
                                  <rde:name><![CDATA[key]]></rde:name>
                                  <rde:childs is-null="true" />
                                </rde:Attribute>
                                <rde:Attribute>
                                  <rde:name><![CDATA[showInList]]></rde:name>
                                  <rde:childs is-null="true" />
                                </rde:Attribute>
                              </rde:childs>
                            </rde:Attribute>
                            <rde:Attribute>
                              <rde:name><![CDATA[name]]></rde:name>
                              <rde:childs>
                                <rde:Attribute>
                                  <rde:name><![CDATA[mandatory]]></rde:name>
                                  <rde:childs is-null="true" />
                                </rde:Attribute>
                                <rde:Attribute>
                                  <rde:name><![CDATA[name]]></rde:name>
                                  <rde:childs is-null="true" />
                                </rde:Attribute>
                                <rde:Attribute>
                                  <rde:name><![CDATA[type]]></rde:name>
                                  <rde:childs is-null="true" />
                                </rde:Attribute>
                                <rde:Attribute>
                                  <rde:name><![CDATA[pattern]]></rde:name>
                                  <rde:childs is-null="true" />
                                </rde:Attribute>
                                <rde:Attribute>
                                  <rde:name><![CDATA[maxLength]]></rde:name>
                                  <rde:childs is-null="true" />
                                </rde:Attribute>
                                <rde:Attribute>
                                  <rde:name><![CDATA[minLength]]></rde:name>
                                  <rde:childs is-null="true" />
                                </rde:Attribute>
                                <rde:Attribute>
                                  <rde:name><![CDATA[key]]></rde:name>
                                  <rde:childs is-null="true" />
                                </rde:Attribute>
                                <rde:Attribute>
                                  <rde:name><![CDATA[showInList]]></rde:name>
                                  <rde:childs is-null="true" />
                                </rde:Attribute>
                              </rde:childs>
                            </rde:Attribute>
                            <rde:Attribute>
                              <rde:name><![CDATA[mandatory]]></rde:name>
                              <rde:childs>
                                <rde:Attribute>
                                  <rde:name><![CDATA[minLength]]></rde:name>
                                  <rde:childs is-null="true" />
                                </rde:Attribute>
                                <rde:Attribute>
                                  <rde:name><![CDATA[type]]></rde:name>
                                  <rde:childs is-null="true" />
                                </rde:Attribute>
                                <rde:Attribute>
                                  <rde:name><![CDATA[maxLength]]></rde:name>
                                  <rde:childs is-null="true" />
                                </rde:Attribute>
                                <rde:Attribute>
                                  <rde:name><![CDATA[mandatory]]></rde:name>
                                  <rde:childs is-null="true" />
                                </rde:Attribute>
                                <rde:Attribute>
                                  <rde:name><![CDATA[name]]></rde:name>
                                  <rde:childs is-null="true" />
                                </rde:Attribute>
                                <rde:Attribute>
                                  <rde:name><![CDATA[pattern]]></rde:name>
                                  <rde:childs is-null="true" />
                                </rde:Attribute>
                                <rde:Attribute>
                                  <rde:name><![CDATA[key]]></rde:name>
                                  <rde:childs is-null="true" />
                                </rde:Attribute>
                                <rde:Attribute>
                                  <rde:name><![CDATA[showInList]]></rde:name>
                                  <rde:childs is-null="true" />
                                </rde:Attribute>
                              </rde:childs>
                            </rde:Attribute>
                            <rde:Attribute>
                              <rde:name><![CDATA[minLength]]></rde:name>
                              <rde:childs>
                                <rde:Attribute>
                                  <rde:name><![CDATA[pattern]]></rde:name>
                                  <rde:childs is-null="true" />
                                </rde:Attribute>
                                <rde:Attribute>
                                  <rde:name><![CDATA[maxLength]]></rde:name>
                                  <rde:childs is-null="true" />
                                </rde:Attribute>
                                <rde:Attribute>
                                  <rde:name><![CDATA[type]]></rde:name>
                                  <rde:childs is-null="true" />
                                </rde:Attribute>
                                <rde:Attribute>
                                  <rde:name><![CDATA[name]]></rde:name>
                                  <rde:childs is-null="true" />
                                </rde:Attribute>
                                <rde:Attribute>
                                  <rde:name><![CDATA[mandatory]]></rde:name>
                                  <rde:childs is-null="true" />
                                </rde:Attribute>
                                <rde:Attribute>
                                  <rde:name><![CDATA[minLength]]></rde:name>
                                  <rde:childs is-null="true" />
                                </rde:Attribute>
                                <rde:Attribute>
                                  <rde:name><![CDATA[key]]></rde:name>
                                  <rde:childs is-null="true" />
                                </rde:Attribute>
                                <rde:Attribute>
                                  <rde:name><![CDATA[showInList]]></rde:name>
                                  <rde:childs is-null="true" />
                                </rde:Attribute>
                              </rde:childs>
                            </rde:Attribute>
                            <rde:Attribute>
                              <rde:name><![CDATA[maxLength]]></rde:name>
                              <rde:childs>
                                <rde:Attribute>
                                  <rde:name><![CDATA[pattern]]></rde:name>
                                  <rde:childs is-null="true" />
                                </rde:Attribute>
                                <rde:Attribute>
                                  <rde:name><![CDATA[maxLength]]></rde:name>
                                  <rde:childs is-null="true" />
                                </rde:Attribute>
                                <rde:Attribute>
                                  <rde:name><![CDATA[mandatory]]></rde:name>
                                  <rde:childs is-null="true" />
                                </rde:Attribute>
                                <rde:Attribute>
                                  <rde:name><![CDATA[type]]></rde:name>
                                  <rde:childs is-null="true" />
                                </rde:Attribute>
                                <rde:Attribute>
                                  <rde:name><![CDATA[minLength]]></rde:name>
                                  <rde:childs is-null="true" />
                                </rde:Attribute>
                                <rde:Attribute>
                                  <rde:name><![CDATA[name]]></rde:name>
                                  <rde:childs is-null="true" />
                                </rde:Attribute>
                                <rde:Attribute>
                                  <rde:name><![CDATA[key]]></rde:name>
                                  <rde:childs is-null="true" />
                                </rde:Attribute>
                                <rde:Attribute>
                                  <rde:name><![CDATA[showInList]]></rde:name>
                                  <rde:childs is-null="true" />
                                </rde:Attribute>
                              </rde:childs>
                            </rde:Attribute>
                            <rde:Attribute>
                              <rde:name><![CDATA[pattern]]></rde:name>
                              <rde:childs>
                                <rde:Attribute>
                                  <rde:name><![CDATA[type]]></rde:name>
                                  <rde:childs is-null="true" />
                                </rde:Attribute>
                                <rde:Attribute>
                                  <rde:name><![CDATA[name]]></rde:name>
                                  <rde:childs is-null="true" />
                                </rde:Attribute>
                                <rde:Attribute>
                                  <rde:name><![CDATA[pattern]]></rde:name>
                                  <rde:childs is-null="true" />
                                </rde:Attribute>
                                <rde:Attribute>
                                  <rde:name><![CDATA[minLength]]></rde:name>
                                  <rde:childs is-null="true" />
                                </rde:Attribute>
                                <rde:Attribute>
                                  <rde:name><![CDATA[maxLength]]></rde:name>
                                  <rde:childs is-null="true" />
                                </rde:Attribute>
                                <rde:Attribute>
                                  <rde:name><![CDATA[mandatory]]></rde:name>
                                  <rde:childs is-null="true" />
                                </rde:Attribute>
                                <rde:Attribute>
                                  <rde:name><![CDATA[key]]></rde:name>
                                  <rde:childs is-null="true" />
                                </rde:Attribute>
                                <rde:Attribute>
                                  <rde:name><![CDATA[showInList]]></rde:name>
                                  <rde:childs is-null="true" />
                                </rde:Attribute>
                              </rde:childs>
                            </rde:Attribute>
                          </rde:childs>
                        </rde:Attribute>
                        <rde:Attribute>
                          <rde:name><![CDATA[controllerName]]></rde:name>
                          <rde:childs is-null="true" />
                        </rde:Attribute>
                        <rde:Attribute>
                          <rde:name><![CDATA[targetProject]]></rde:name>
                          <rde:childs is-null="true" />
                        </rde:Attribute>
                        <rde:Attribute>
                          <rde:name><![CDATA[targetApplication]]></rde:name>
                          <rde:childs is-null="true" />
                        </rde:Attribute>
                        <rde:Attribute>
                          <rde:name><![CDATA[actions]]></rde:name>
                          <rde:childs>
                            <rde:Attribute>
                              <rde:name><![CDATA[show]]></rde:name>
                              <rde:childs>
                                <rde:Attribute>
                                  <rde:name><![CDATA[attributes]]></rde:name>
                                  <rde:childs is-null="true" />
                                </rde:Attribute>
                                <rde:Attribute>
                                  <rde:name><![CDATA[forwards]]></rde:name>
                                  <rde:childs>
                                    <rde:Attribute>
                                      <rde:name><![CDATA[ok]]></rde:name>
                                      <rde:childs>
                                        <rde:Attribute>
                                          <rde:name><![CDATA[type]]></rde:name>
                                          <rde:childs is-null="true" />
                                        </rde:Attribute>
                                        <rde:Attribute>
                                          <rde:name><![CDATA[action]]></rde:name>
                                          <rde:childs is-null="true" />
                                        </rde:Attribute>
                                        <rde:Attribute>
                                          <rde:name><![CDATA[template]]></rde:name>
                                          <rde:childs is-null="true" />
                                        </rde:Attribute>
                                        <rde:Attribute>
                                          <rde:name><![CDATA[view]]></rde:name>
                                          <rde:childs is-null="true" />
                                        </rde:Attribute>
                                      </rde:childs>
                                    </rde:Attribute>
                                    <rde:Attribute>
                                      <rde:name><![CDATA[nok]]></rde:name>
                                      <rde:childs>
                                        <rde:Attribute>
                                          <rde:name><![CDATA[type]]></rde:name>
                                          <rde:childs is-null="true" />
                                        </rde:Attribute>
                                        <rde:Attribute>
                                          <rde:name><![CDATA[action]]></rde:name>
                                          <rde:childs is-null="true" />
                                        </rde:Attribute>
                                        <rde:Attribute>
                                          <rde:name><![CDATA[template]]></rde:name>
                                          <rde:childs is-null="true" />
                                        </rde:Attribute>
                                        <rde:Attribute>
                                          <rde:name><![CDATA[view]]></rde:name>
                                          <rde:childs is-null="true" />
                                        </rde:Attribute>
                                      </rde:childs>
                                    </rde:Attribute>
                                  </rde:childs>
                                </rde:Attribute>
                                <rde:Attribute>
                                  <rde:name><![CDATA[packageName]]></rde:name>
                                  <rde:childs is-null="true" />
                                </rde:Attribute>
                                <rde:Attribute>
                                  <rde:name><![CDATA[group]]></rde:name>
                                  <rde:childs is-null="true" />
                                </rde:Attribute>
                              </rde:childs>
                            </rde:Attribute>
                          </rde:childs>
                        </rde:Attribute>
                      </rde:childs>
                    </rde:Attribute>
                    <rde:Attribute>
                      <rde:name><![CDATA[lastUpdated]]></rde:name>
                      <rde:childs is-null="true" />
                    </rde:Attribute>
                    <rde:Attribute>
                      <rde:name><![CDATA[null]]></rde:name>
                      <rde:childs>
                        <rde:Attribute>
                          <rde:name><![CDATA[maxLength]]></rde:name>
                          <rde:childs is-null="true" />
                        </rde:Attribute>
                        <rde:Attribute>
                          <rde:name><![CDATA[key]]></rde:name>
                          <rde:childs is-null="true" />
                        </rde:Attribute>
                        <rde:Attribute>
                          <rde:name><![CDATA[mandatory]]></rde:name>
                          <rde:childs is-null="true" />
                        </rde:Attribute>
                        <rde:Attribute>
                          <rde:name><![CDATA[pattern]]></rde:name>
                          <rde:childs is-null="true" />
                        </rde:Attribute>
                        <rde:Attribute>
                          <rde:name><![CDATA[type]]></rde:name>
                          <rde:childs is-null="true" />
                        </rde:Attribute>
                        <rde:Attribute>
                          <rde:name><![CDATA[name]]></rde:name>
                          <rde:childs is-null="true" />
                        </rde:Attribute>
                        <rde:Attribute>
                          <rde:name><![CDATA[showInList]]></rde:name>
                          <rde:childs is-null="true" />
                        </rde:Attribute>
                        <rde:Attribute>
                          <rde:name><![CDATA[minLength]]></rde:name>
                          <rde:childs is-null="true" />
                        </rde:Attribute>
                      </rde:childs>
                    </rde:Attribute>
                  </rde:childs>
                </rde:Attribute>
              </rde:entry>
            </rde:attributes>
          </rde:FAttrOwner>
        </rde:entry>
        <rde:entry>
          <rde:key><![CDATA[en]]></rde:key>
          <rde:FAttrOwner>
            <rde:languageTag><![CDATA[en]]></rde:languageTag>
            <rde:attributes>
              <rde:entry>
                <rde:key><![CDATA[]]></rde:key>
                <rde:Attribute>
                  <rde:childs>
                    <rde:Attribute>
                      <rde:name><![CDATA[root]]></rde:name>
                      <rde:childs>
                        <rde:Attribute>
                          <rde:name><![CDATA[attributes]]></rde:name>
                          <rde:childs>
                            <rde:Attribute>
                              <rde:name><![CDATA[curApplication]]></rde:name>
                              <rde:childs>
                                <rde:Attribute>
                                  <rde:name><![CDATA[type]]></rde:name>
                                  <rde:childs is-null="true" />
                                  <rde:values>
                                    <rde:AttributeValue index="0">
                                      <rde:stringValue><![CDATA[hidden]]></rde:stringValue>
                                    </rde:AttributeValue>
                                  </rde:values>
                                </rde:Attribute>
                                <rde:Attribute>
                                  <rde:name><![CDATA[name]]></rde:name>
                                  <rde:childs is-null="true" />
                                  <rde:values>
                                    <rde:AttributeValue index="0">
                                      <rde:stringValue><![CDATA[curApplication]]></rde:stringValue>
                                    </rde:AttributeValue>
                                  </rde:values>
                                </rde:Attribute>
                                <rde:Attribute>
                                  <rde:name><![CDATA[minLength]]></rde:name>
                                  <rde:childs is-null="true" />
                                </rde:Attribute>
                                <rde:Attribute>
                                  <rde:name><![CDATA[maxLength]]></rde:name>
                                  <rde:childs is-null="true" />
                                </rde:Attribute>
                                <rde:Attribute>
                                  <rde:name><![CDATA[mandatory]]></rde:name>
                                  <rde:childs is-null="true" />
                                  <rde:values>
                                    <rde:AttributeValue index="0">
                                      <rde:stringValue><![CDATA[1]]></rde:stringValue>
                                      <rde:longValue>1</rde:longValue>
                                    </rde:AttributeValue>
                                  </rde:values>
                                </rde:Attribute>
                                <rde:Attribute>
                                  <rde:name><![CDATA[pattern]]></rde:name>
                                  <rde:childs is-null="true" />
                                </rde:Attribute>
                                <rde:Attribute>
                                  <rde:name><![CDATA[key]]></rde:name>
                                  <rde:childs is-null="true" />
                                  <rde:values>
                                    <rde:AttributeValue index="0">
                                      <rde:stringValue><![CDATA[0]]></rde:stringValue>
                                    </rde:AttributeValue>
                                  </rde:values>
                                </rde:Attribute>
                                <rde:Attribute>
                                  <rde:name><![CDATA[showInList]]></rde:name>
                                  <rde:childs is-null="true" />
                                  <rde:values>
                                    <rde:AttributeValue index="0">
                                      <rde:stringValue><![CDATA[0]]></rde:stringValue>
                                    </rde:AttributeValue>
                                  </rde:values>
                                </rde:Attribute>
                              </rde:childs>
                              <rde:values>
                                <rde:AttributeValue index="0">
                                  <rde:stringValue><![CDATA[curApplication]]></rde:stringValue>
                                </rde:AttributeValue>
                              </rde:values>
                            </rde:Attribute>
                            <rde:Attribute>
                              <rde:name><![CDATA[curAction]]></rde:name>
                              <rde:childs>
                                <rde:Attribute>
                                  <rde:name><![CDATA[maxLength]]></rde:name>
                                  <rde:childs is-null="true" />
                                  <rde:values>
                                    <rde:AttributeValue index="0">
                                      <rde:stringValue><![CDATA[111]]></rde:stringValue>
                                      <rde:longValue>111</rde:longValue>
                                    </rde:AttributeValue>
                                  </rde:values>
                                </rde:Attribute>
                                <rde:Attribute>
                                  <rde:name><![CDATA[name]]></rde:name>
                                  <rde:childs is-null="true" />
                                  <rde:values>
                                    <rde:AttributeValue index="0">
                                      <rde:stringValue><![CDATA[curAction]]></rde:stringValue>
                                    </rde:AttributeValue>
                                  </rde:values>
                                </rde:Attribute>
                                <rde:Attribute>
                                  <rde:name><![CDATA[mandatory]]></rde:name>
                                  <rde:childs is-null="true" />
                                  <rde:values>
                                    <rde:AttributeValue index="0">
                                      <rde:stringValue><![CDATA[0]]></rde:stringValue>
                                    </rde:AttributeValue>
                                  </rde:values>
                                </rde:Attribute>
                                <rde:Attribute>
                                  <rde:name><![CDATA[pattern]]></rde:name>
                                  <rde:childs is-null="true" />
                                  <rde:values>
                                    <rde:AttributeValue index="0">
                                      <rde:stringValue><![CDATA[]]></rde:stringValue>
                                    </rde:AttributeValue>
                                  </rde:values>
                                </rde:Attribute>
                                <rde:Attribute>
                                  <rde:name><![CDATA[type]]></rde:name>
                                  <rde:childs is-null="true" />
                                  <rde:values>
                                    <rde:AttributeValue index="0">
                                      <rde:stringValue><![CDATA[hidden]]></rde:stringValue>
                                    </rde:AttributeValue>
                                  </rde:values>
                                </rde:Attribute>
                                <rde:Attribute>
                                  <rde:name><![CDATA[minLength]]></rde:name>
                                  <rde:childs is-null="true" />
                                  <rde:values>
                                    <rde:AttributeValue index="0">
                                      <rde:stringValue><![CDATA[11]]></rde:stringValue>
                                      <rde:longValue>11</rde:longValue>
                                    </rde:AttributeValue>
                                  </rde:values>
                                </rde:Attribute>
                                <rde:Attribute>
                                  <rde:name><![CDATA[key]]></rde:name>
                                  <rde:childs is-null="true" />
                                  <rde:values>
                                    <rde:AttributeValue index="0">
                                      <rde:stringValue><![CDATA[0]]></rde:stringValue>
                                    </rde:AttributeValue>
                                  </rde:values>
                                </rde:Attribute>
                                <rde:Attribute>
                                  <rde:name><![CDATA[showInList]]></rde:name>
                                  <rde:childs is-null="true" />
                                  <rde:values>
                                    <rde:AttributeValue index="0">
                                      <rde:stringValue><![CDATA[0]]></rde:stringValue>
                                    </rde:AttributeValue>
                                  </rde:values>
                                </rde:Attribute>
                              </rde:childs>
                              <rde:values>
                                <rde:AttributeValue index="0">
                                  <rde:stringValue><![CDATA[curAction]]></rde:stringValue>
                                </rde:AttributeValue>
                              </rde:values>
                            </rde:Attribute>
                            <rde:Attribute>
                              <rde:name><![CDATA[curAttribute]]></rde:name>
                              <rde:childs>
                                <rde:Attribute>
                                  <rde:name><![CDATA[pattern]]></rde:name>
                                  <rde:childs is-null="true" />
                                </rde:Attribute>
                                <rde:Attribute>
                                  <rde:name><![CDATA[mandatory]]></rde:name>
                                  <rde:childs is-null="true" />
                                  <rde:values>
                                    <rde:AttributeValue index="0">
                                      <rde:stringValue><![CDATA[1]]></rde:stringValue>
                                      <rde:longValue>1</rde:longValue>
                                    </rde:AttributeValue>
                                  </rde:values>
                                </rde:Attribute>
                                <rde:Attribute>
                                  <rde:name><![CDATA[type]]></rde:name>
                                  <rde:childs is-null="true" />
                                  <rde:values>
                                    <rde:AttributeValue index="0">
                                      <rde:stringValue><![CDATA[hidden]]></rde:stringValue>
                                    </rde:AttributeValue>
                                  </rde:values>
                                </rde:Attribute>
                                <rde:Attribute>
                                  <rde:name><![CDATA[minLength]]></rde:name>
                                  <rde:childs is-null="true" />
                                </rde:Attribute>
                                <rde:Attribute>
                                  <rde:name><![CDATA[maxLength]]></rde:name>
                                  <rde:childs is-null="true" />
                                </rde:Attribute>
                                <rde:Attribute>
                                  <rde:name><![CDATA[name]]></rde:name>
                                  <rde:childs is-null="true" />
                                  <rde:values>
                                    <rde:AttributeValue index="0">
                                      <rde:stringValue><![CDATA[curAttribute]]></rde:stringValue>
                                    </rde:AttributeValue>
                                  </rde:values>
                                </rde:Attribute>
                                <rde:Attribute>
                                  <rde:name><![CDATA[key]]></rde:name>
                                  <rde:childs is-null="true" />
                                  <rde:values>
                                    <rde:AttributeValue index="0">
                                      <rde:stringValue><![CDATA[0]]></rde:stringValue>
                                    </rde:AttributeValue>
                                  </rde:values>
                                </rde:Attribute>
                                <rde:Attribute>
                                  <rde:name><![CDATA[showInList]]></rde:name>
                                  <rde:childs is-null="true" />
                                  <rde:values>
                                    <rde:AttributeValue index="0">
                                      <rde:stringValue><![CDATA[0]]></rde:stringValue>
                                    </rde:AttributeValue>
                                  </rde:values>
                                </rde:Attribute>
                              </rde:childs>
                              <rde:values>
                                <rde:AttributeValue index="0">
                                  <rde:stringValue><![CDATA[curAttribute]]></rde:stringValue>
                                </rde:AttributeValue>
                              </rde:values>
                            </rde:Attribute>
                            <rde:Attribute>
                              <rde:name><![CDATA[curForward]]></rde:name>
                              <rde:childs>
                                <rde:Attribute>
                                  <rde:name><![CDATA[minLength]]></rde:name>
                                  <rde:childs is-null="true" />
                                </rde:Attribute>
                                <rde:Attribute>
                                  <rde:name><![CDATA[mandatory]]></rde:name>
                                  <rde:childs is-null="true" />
                                  <rde:values>
                                    <rde:AttributeValue index="0">
                                      <rde:stringValue><![CDATA[1]]></rde:stringValue>
                                      <rde:longValue>1</rde:longValue>
                                    </rde:AttributeValue>
                                  </rde:values>
                                </rde:Attribute>
                                <rde:Attribute>
                                  <rde:name><![CDATA[type]]></rde:name>
                                  <rde:childs is-null="true" />
                                  <rde:values>
                                    <rde:AttributeValue index="0">
                                      <rde:stringValue><![CDATA[hidden]]></rde:stringValue>
                                    </rde:AttributeValue>
                                  </rde:values>
                                </rde:Attribute>
                                <rde:Attribute>
                                  <rde:name><![CDATA[pattern]]></rde:name>
                                  <rde:childs is-null="true" />
                                </rde:Attribute>
                                <rde:Attribute>
                                  <rde:name><![CDATA[maxLength]]></rde:name>
                                  <rde:childs is-null="true" />
                                </rde:Attribute>
                                <rde:Attribute>
                                  <rde:name><![CDATA[name]]></rde:name>
                                  <rde:childs is-null="true" />
                                  <rde:values>
                                    <rde:AttributeValue index="0">
                                      <rde:stringValue><![CDATA[curForward]]></rde:stringValue>
                                    </rde:AttributeValue>
                                  </rde:values>
                                </rde:Attribute>
                                <rde:Attribute>
                                  <rde:name><![CDATA[key]]></rde:name>
                                  <rde:childs is-null="true" />
                                  <rde:values>
                                    <rde:AttributeValue index="0">
                                      <rde:stringValue><![CDATA[0]]></rde:stringValue>
                                    </rde:AttributeValue>
                                  </rde:values>
                                </rde:Attribute>
                                <rde:Attribute>
                                  <rde:name><![CDATA[showInList]]></rde:name>
                                  <rde:childs is-null="true" />
                                  <rde:values>
                                    <rde:AttributeValue index="0">
                                      <rde:stringValue><![CDATA[0]]></rde:stringValue>
                                    </rde:AttributeValue>
                                  </rde:values>
                                </rde:Attribute>
                              </rde:childs>
                              <rde:values>
                                <rde:AttributeValue index="0">
                                  <rde:stringValue><![CDATA[curForward]]></rde:stringValue>
                                </rde:AttributeValue>
                              </rde:values>
                            </rde:Attribute>
                            <rde:Attribute>
                              <rde:name><![CDATA[name]]></rde:name>
                              <rde:childs>
                                <rde:Attribute>
                                  <rde:name><![CDATA[mandatory]]></rde:name>
                                  <rde:childs is-null="true" />
                                  <rde:values>
                                    <rde:AttributeValue index="0">
                                      <rde:stringValue><![CDATA[1]]></rde:stringValue>
                                      <rde:longValue>1</rde:longValue>
                                    </rde:AttributeValue>
                                  </rde:values>
                                </rde:Attribute>
                                <rde:Attribute>
                                  <rde:name><![CDATA[name]]></rde:name>
                                  <rde:childs is-null="true" />
                                  <rde:values>
                                    <rde:AttributeValue index="0">
                                      <rde:stringValue><![CDATA[name]]></rde:stringValue>
                                    </rde:AttributeValue>
                                  </rde:values>
                                </rde:Attribute>
                                <rde:Attribute>
                                  <rde:name><![CDATA[type]]></rde:name>
                                  <rde:childs is-null="true" />
                                  <rde:values>
                                    <rde:AttributeValue index="0">
                                      <rde:stringValue><![CDATA[input]]></rde:stringValue>
                                    </rde:AttributeValue>
                                  </rde:values>
                                </rde:Attribute>
                                <rde:Attribute>
                                  <rde:name><![CDATA[pattern]]></rde:name>
                                  <rde:childs is-null="true" />
                                  <rde:values>
                                    <rde:AttributeValue index="0">
                                      <rde:stringValue><![CDATA[^([A-Z])+([a-zA-Z0-9])*$]]></rde:stringValue>
                                    </rde:AttributeValue>
                                  </rde:values>
                                </rde:Attribute>
                                <rde:Attribute>
                                  <rde:name><![CDATA[maxLength]]></rde:name>
                                  <rde:childs is-null="true" />
                                </rde:Attribute>
                                <rde:Attribute>
                                  <rde:name><![CDATA[minLength]]></rde:name>
                                  <rde:childs is-null="true" />
                                </rde:Attribute>
                                <rde:Attribute>
                                  <rde:name><![CDATA[key]]></rde:name>
                                  <rde:childs is-null="true" />
                                  <rde:values>
                                    <rde:AttributeValue index="0">
                                      <rde:stringValue><![CDATA[1]]></rde:stringValue>
                                      <rde:longValue>1</rde:longValue>
                                    </rde:AttributeValue>
                                  </rde:values>
                                </rde:Attribute>
                                <rde:Attribute>
                                  <rde:name><![CDATA[showInList]]></rde:name>
                                  <rde:childs is-null="true" />
                                  <rde:values>
                                    <rde:AttributeValue index="0">
                                      <rde:stringValue><![CDATA[1]]></rde:stringValue>
                                      <rde:longValue>1</rde:longValue>
                                    </rde:AttributeValue>
                                  </rde:values>
                                </rde:Attribute>
                              </rde:childs>
                              <rde:values>
                                <rde:AttributeValue index="0">
                                  <rde:stringValue><![CDATA[name]]></rde:stringValue>
                                </rde:AttributeValue>
                              </rde:values>
                            </rde:Attribute>
                            <rde:Attribute>
                              <rde:name><![CDATA[mandatory]]></rde:name>
                              <rde:childs>
                                <rde:Attribute>
                                  <rde:name><![CDATA[minLength]]></rde:name>
                                  <rde:childs is-null="true" />
                                </rde:Attribute>
                                <rde:Attribute>
                                  <rde:name><![CDATA[type]]></rde:name>
                                  <rde:childs is-null="true" />
                                  <rde:values>
                                    <rde:AttributeValue index="0">
                                      <rde:stringValue><![CDATA[checkbox]]></rde:stringValue>
                                    </rde:AttributeValue>
                                  </rde:values>
                                </rde:Attribute>
                                <rde:Attribute>
                                  <rde:name><![CDATA[maxLength]]></rde:name>
                                  <rde:childs is-null="true" />
                                </rde:Attribute>
                                <rde:Attribute>
                                  <rde:name><![CDATA[mandatory]]></rde:name>
                                  <rde:childs is-null="true" />
                                  <rde:values>
                                    <rde:AttributeValue index="0">
                                      <rde:stringValue><![CDATA[0]]></rde:stringValue>
                                    </rde:AttributeValue>
                                  </rde:values>
                                </rde:Attribute>
                                <rde:Attribute>
                                  <rde:name><![CDATA[name]]></rde:name>
                                  <rde:childs is-null="true" />
                                  <rde:values>
                                    <rde:AttributeValue index="0">
                                      <rde:stringValue><![CDATA[mandatory]]></rde:stringValue>
                                    </rde:AttributeValue>
                                  </rde:values>
                                </rde:Attribute>
                                <rde:Attribute>
                                  <rde:name><![CDATA[pattern]]></rde:name>
                                  <rde:childs is-null="true" />
                                  <rde:values>
                                    <rde:AttributeValue index="0">
                                      <rde:stringValue><![CDATA[^(0|1)$]]></rde:stringValue>
                                    </rde:AttributeValue>
                                  </rde:values>
                                </rde:Attribute>
                                <rde:Attribute>
                                  <rde:name><![CDATA[key]]></rde:name>
                                  <rde:childs is-null="true" />
                                  <rde:values>
                                    <rde:AttributeValue index="0">
                                      <rde:stringValue><![CDATA[0]]></rde:stringValue>
                                    </rde:AttributeValue>
                                  </rde:values>
                                </rde:Attribute>
                                <rde:Attribute>
                                  <rde:name><![CDATA[showInList]]></rde:name>
                                  <rde:childs is-null="true" />
                                  <rde:values>
                                    <rde:AttributeValue index="0">
                                      <rde:stringValue><![CDATA[1]]></rde:stringValue>
                                      <rde:longValue>1</rde:longValue>
                                    </rde:AttributeValue>
                                  </rde:values>
                                </rde:Attribute>
                              </rde:childs>
                              <rde:values>
                                <rde:AttributeValue index="0">
                                  <rde:stringValue><![CDATA[mandatory]]></rde:stringValue>
                                </rde:AttributeValue>
                              </rde:values>
                            </rde:Attribute>
                            <rde:Attribute>
                              <rde:name><![CDATA[minLength]]></rde:name>
                              <rde:childs>
                                <rde:Attribute>
                                  <rde:name><![CDATA[pattern]]></rde:name>
                                  <rde:childs is-null="true" />
                                  <rde:values>
                                    <rde:AttributeValue index="0">
                                      <rde:stringValue><![CDATA[^[0-9]{1,3}$]]></rde:stringValue>
                                    </rde:AttributeValue>
                                  </rde:values>
                                </rde:Attribute>
                                <rde:Attribute>
                                  <rde:name><![CDATA[maxLength]]></rde:name>
                                  <rde:childs is-null="true" />
                                </rde:Attribute>
                                <rde:Attribute>
                                  <rde:name><![CDATA[type]]></rde:name>
                                  <rde:childs is-null="true" />
                                  <rde:values>
                                    <rde:AttributeValue index="0">
                                      <rde:stringValue><![CDATA[input]]></rde:stringValue>
                                    </rde:AttributeValue>
                                  </rde:values>
                                </rde:Attribute>
                                <rde:Attribute>
                                  <rde:name><![CDATA[name]]></rde:name>
                                  <rde:childs is-null="true" />
                                  <rde:values>
                                    <rde:AttributeValue index="0">
                                      <rde:stringValue><![CDATA[minLength]]></rde:stringValue>
                                    </rde:AttributeValue>
                                  </rde:values>
                                </rde:Attribute>
                                <rde:Attribute>
                                  <rde:name><![CDATA[mandatory]]></rde:name>
                                  <rde:childs is-null="true" />
                                  <rde:values>
                                    <rde:AttributeValue index="0">
                                      <rde:stringValue><![CDATA[0]]></rde:stringValue>
                                    </rde:AttributeValue>
                                  </rde:values>
                                </rde:Attribute>
                                <rde:Attribute>
                                  <rde:name><![CDATA[minLength]]></rde:name>
                                  <rde:childs is-null="true" />
                                </rde:Attribute>
                                <rde:Attribute>
                                  <rde:name><![CDATA[key]]></rde:name>
                                  <rde:childs is-null="true" />
                                  <rde:values>
                                    <rde:AttributeValue index="0">
                                      <rde:stringValue><![CDATA[0]]></rde:stringValue>
                                    </rde:AttributeValue>
                                  </rde:values>
                                </rde:Attribute>
                                <rde:Attribute>
                                  <rde:name><![CDATA[showInList]]></rde:name>
                                  <rde:childs is-null="true" />
                                  <rde:values>
                                    <rde:AttributeValue index="0">
                                      <rde:stringValue><![CDATA[1]]></rde:stringValue>
                                      <rde:longValue>1</rde:longValue>
                                    </rde:AttributeValue>
                                  </rde:values>
                                </rde:Attribute>
                              </rde:childs>
                              <rde:values>
                                <rde:AttributeValue index="0">
                                  <rde:stringValue><![CDATA[minLength]]></rde:stringValue>
                                </rde:AttributeValue>
                              </rde:values>
                            </rde:Attribute>
                            <rde:Attribute>
                              <rde:name><![CDATA[maxLength]]></rde:name>
                              <rde:childs>
                                <rde:Attribute>
                                  <rde:name><![CDATA[pattern]]></rde:name>
                                  <rde:childs is-null="true" />
                                  <rde:values>
                                    <rde:AttributeValue index="0">
                                      <rde:stringValue><![CDATA[^[0-9]{1,3}$]]></rde:stringValue>
                                    </rde:AttributeValue>
                                  </rde:values>
                                </rde:Attribute>
                                <rde:Attribute>
                                  <rde:name><![CDATA[maxLength]]></rde:name>
                                  <rde:childs is-null="true" />
                                </rde:Attribute>
                                <rde:Attribute>
                                  <rde:name><![CDATA[mandatory]]></rde:name>
                                  <rde:childs is-null="true" />
                                  <rde:values>
                                    <rde:AttributeValue index="0">
                                      <rde:stringValue><![CDATA[0]]></rde:stringValue>
                                    </rde:AttributeValue>
                                  </rde:values>
                                </rde:Attribute>
                                <rde:Attribute>
                                  <rde:name><![CDATA[type]]></rde:name>
                                  <rde:childs is-null="true" />
                                  <rde:values>
                                    <rde:AttributeValue index="0">
                                      <rde:stringValue><![CDATA[input]]></rde:stringValue>
                                    </rde:AttributeValue>
                                  </rde:values>
                                </rde:Attribute>
                                <rde:Attribute>
                                  <rde:name><![CDATA[minLength]]></rde:name>
                                  <rde:childs is-null="true" />
                                </rde:Attribute>
                                <rde:Attribute>
                                  <rde:name><![CDATA[name]]></rde:name>
                                  <rde:childs is-null="true" />
                                  <rde:values>
                                    <rde:AttributeValue index="0">
                                      <rde:stringValue><![CDATA[maxLength]]></rde:stringValue>
                                    </rde:AttributeValue>
                                  </rde:values>
                                </rde:Attribute>
                                <rde:Attribute>
                                  <rde:name><![CDATA[key]]></rde:name>
                                  <rde:childs is-null="true" />
                                  <rde:values>
                                    <rde:AttributeValue index="0">
                                      <rde:stringValue><![CDATA[0]]></rde:stringValue>
                                    </rde:AttributeValue>
                                  </rde:values>
                                </rde:Attribute>
                                <rde:Attribute>
                                  <rde:name><![CDATA[showInList]]></rde:name>
                                  <rde:childs is-null="true" />
                                  <rde:values>
                                    <rde:AttributeValue index="0">
                                      <rde:stringValue><![CDATA[1]]></rde:stringValue>
                                      <rde:longValue>1</rde:longValue>
                                    </rde:AttributeValue>
                                  </rde:values>
                                </rde:Attribute>
                              </rde:childs>
                              <rde:values>
                                <rde:AttributeValue index="0">
                                  <rde:stringValue><![CDATA[maxLength]]></rde:stringValue>
                                </rde:AttributeValue>
                              </rde:values>
                            </rde:Attribute>
                            <rde:Attribute>
                              <rde:name><![CDATA[pattern]]></rde:name>
                              <rde:childs>
                                <rde:Attribute>
                                  <rde:name><![CDATA[type]]></rde:name>
                                  <rde:childs is-null="true" />
                                  <rde:values>
                                    <rde:AttributeValue index="0">
                                      <rde:stringValue><![CDATA[input]]></rde:stringValue>
                                    </rde:AttributeValue>
                                  </rde:values>
                                </rde:Attribute>
                                <rde:Attribute>
                                  <rde:name><![CDATA[name]]></rde:name>
                                  <rde:childs is-null="true" />
                                  <rde:values>
                                    <rde:AttributeValue index="0">
                                      <rde:stringValue><![CDATA[pattern]]></rde:stringValue>
                                    </rde:AttributeValue>
                                  </rde:values>
                                </rde:Attribute>
                                <rde:Attribute>
                                  <rde:name><![CDATA[pattern]]></rde:name>
                                  <rde:childs is-null="true" />
                                </rde:Attribute>
                                <rde:Attribute>
                                  <rde:name><![CDATA[minLength]]></rde:name>
                                  <rde:childs is-null="true" />
                                </rde:Attribute>
                                <rde:Attribute>
                                  <rde:name><![CDATA[maxLength]]></rde:name>
                                  <rde:childs is-null="true" />
                                </rde:Attribute>
                                <rde:Attribute>
                                  <rde:name><![CDATA[mandatory]]></rde:name>
                                  <rde:childs is-null="true" />
                                  <rde:values>
                                    <rde:AttributeValue index="0">
                                      <rde:stringValue><![CDATA[0]]></rde:stringValue>
                                    </rde:AttributeValue>
                                  </rde:values>
                                </rde:Attribute>
                                <rde:Attribute>
                                  <rde:name><![CDATA[key]]></rde:name>
                                  <rde:childs is-null="true" />
                                  <rde:values>
                                    <rde:AttributeValue index="0">
                                      <rde:stringValue><![CDATA[0]]></rde:stringValue>
                                    </rde:AttributeValue>
                                  </rde:values>
                                </rde:Attribute>
                                <rde:Attribute>
                                  <rde:name><![CDATA[showInList]]></rde:name>
                                  <rde:childs is-null="true" />
                                  <rde:values>
                                    <rde:AttributeValue index="0">
                                      <rde:stringValue><![CDATA[1]]></rde:stringValue>
                                      <rde:longValue>1</rde:longValue>
                                    </rde:AttributeValue>
                                  </rde:values>
                                </rde:Attribute>
                              </rde:childs>
                              <rde:values>
                                <rde:AttributeValue index="0">
                                  <rde:stringValue><![CDATA[pattern]]></rde:stringValue>
                                </rde:AttributeValue>
                              </rde:values>
                            </rde:Attribute>
                          </rde:childs>
                        </rde:Attribute>
                        <rde:Attribute>
                          <rde:name><![CDATA[controllerName]]></rde:name>
                          <rde:childs is-null="true" />
                          <rde:values>
                            <rde:AttributeValue index="0">
                              <rde:stringValue><![CDATA[Action]]></rde:stringValue>
                            </rde:AttributeValue>
                          </rde:values>
                        </rde:Attribute>
                        <rde:Attribute>
                          <rde:name><![CDATA[targetProject]]></rde:name>
                          <rde:childs is-null="true" />
                          <rde:values>
                            <rde:AttributeValue index="0">
                              <rde:stringValue><![CDATA[wbfcommunity]]></rde:stringValue>
                            </rde:AttributeValue>
                          </rde:values>
                        </rde:Attribute>
                        <rde:Attribute>
                          <rde:name><![CDATA[targetApplication]]></rde:name>
                          <rde:childs is-null="true" />
                          <rde:values>
                            <rde:AttributeValue index="0">
                              <rde:stringValue><![CDATA[community]]></rde:stringValue>
                            </rde:AttributeValue>
                          </rde:values>
                        </rde:Attribute>
                        <rde:Attribute>
                          <rde:name><![CDATA[actions]]></rde:name>
                          <rde:childs>
                            <rde:Attribute>
                              <rde:name><![CDATA[show]]></rde:name>
                              <rde:childs>
                                <rde:Attribute>
                                  <rde:name><![CDATA[attributes]]></rde:name>
                                  <rde:childs is-null="true" />
                                  <rde:values>
                                    <rde:AttributeValue index="0">
                                      <rde:stringValue><![CDATA[curAction]]></rde:stringValue>
                                    </rde:AttributeValue>
                                    <rde:AttributeValue index="1">
                                      <rde:stringValue><![CDATA[curApplication]]></rde:stringValue>
                                    </rde:AttributeValue>
                                    <rde:AttributeValue index="2">
                                      <rde:stringValue><![CDATA[curAttribute]]></rde:stringValue>
                                    </rde:AttributeValue>
                                    <rde:AttributeValue index="3">
                                      <rde:stringValue><![CDATA[curForward]]></rde:stringValue>
                                    </rde:AttributeValue>
                                  </rde:values>
                                </rde:Attribute>
                                <rde:Attribute>
                                  <rde:name><![CDATA[forwards]]></rde:name>
                                  <rde:childs>
                                    <rde:Attribute>
                                      <rde:name><![CDATA[ok]]></rde:name>
                                      <rde:childs>
                                        <rde:Attribute>
                                          <rde:name><![CDATA[type]]></rde:name>
                                          <rde:childs is-null="true" />
                                          <rde:values>
                                            <rde:AttributeValue index="0">
                                              <rde:stringValue><![CDATA[5]]></rde:stringValue>
                                              <rde:longValue>5</rde:longValue>
                                            </rde:AttributeValue>
                                          </rde:values>
                                        </rde:Attribute>
                                        <rde:Attribute>
                                          <rde:name><![CDATA[action]]></rde:name>
                                          <rde:childs is-null="true" />
                                          <rde:values>
                                            <rde:AttributeValue index="0">
                                              <rde:stringValue><![CDATA[ActionActionShow]]></rde:stringValue>
                                            </rde:AttributeValue>
                                          </rde:values>
                                        </rde:Attribute>
                                        <rde:Attribute>
                                          <rde:name><![CDATA[template]]></rde:name>
                                          <rde:childs is-null="true" />
                                        </rde:Attribute>
                                        <rde:Attribute>
                                          <rde:name><![CDATA[view]]></rde:name>
                                          <rde:childs is-null="true" />
                                        </rde:Attribute>
                                      </rde:childs>
                                    </rde:Attribute>
                                    <rde:Attribute>
                                      <rde:name><![CDATA[nok]]></rde:name>
                                      <rde:childs>
                                        <rde:Attribute>
                                          <rde:name><![CDATA[type]]></rde:name>
                                          <rde:childs is-null="true" />
                                          <rde:values>
                                            <rde:AttributeValue index="0">
                                              <rde:stringValue><![CDATA[5]]></rde:stringValue>
                                              <rde:longValue>5</rde:longValue>
                                            </rde:AttributeValue>
                                          </rde:values>
                                        </rde:Attribute>
                                        <rde:Attribute>
                                          <rde:name><![CDATA[action]]></rde:name>
                                          <rde:childs is-null="true" />
                                          <rde:values>
                                            <rde:AttributeValue index="0">
                                              <rde:stringValue><![CDATA[ActionActionShow]]></rde:stringValue>
                                            </rde:AttributeValue>
                                          </rde:values>
                                        </rde:Attribute>
                                        <rde:Attribute>
                                          <rde:name><![CDATA[template]]></rde:name>
                                          <rde:childs is-null="true" />
                                          <rde:values>
                                            <rde:AttributeValue index="0">
                                              <rde:stringValue><![CDATA[]]></rde:stringValue>
                                            </rde:AttributeValue>
                                          </rde:values>
                                        </rde:Attribute>
                                        <rde:Attribute>
                                          <rde:name><![CDATA[view]]></rde:name>
                                          <rde:childs is-null="true" />
                                          <rde:values>
                                            <rde:AttributeValue index="0">
                                              <rde:stringValue><![CDATA[]]></rde:stringValue>
                                            </rde:AttributeValue>
                                          </rde:values>
                                        </rde:Attribute>
                                      </rde:childs>
                                    </rde:Attribute>
                                  </rde:childs>
                                </rde:Attribute>
                                <rde:Attribute>
                                  <rde:name><![CDATA[packageName]]></rde:name>
                                  <rde:childs is-null="true" />
                                  <rde:values>
                                    <rde:AttributeValue index="0">
                                      <rde:stringValue><![CDATA[administration.action]]></rde:stringValue>
                                    </rde:AttributeValue>
                                  </rde:values>
                                </rde:Attribute>
                                <rde:Attribute>
                                  <rde:name><![CDATA[group]]></rde:name>
                                  <rde:childs is-null="true" />
                                  <rde:values>
                                    <rde:AttributeValue index="0">
                                      <rde:stringValue><![CDATA[wbtAdministrators]]></rde:stringValue>
                                    </rde:AttributeValue>
                                  </rde:values>
                                </rde:Attribute>
                              </rde:childs>
                              <rde:values>
                                <rde:AttributeValue index="0">
                                  <rde:stringValue><![CDATA[show]]></rde:stringValue>
                                </rde:AttributeValue>
                              </rde:values>
                            </rde:Attribute>
                          </rde:childs>
                        </rde:Attribute>
                      </rde:childs>
                    </rde:Attribute>
                    <rde:Attribute>
                      <rde:name><![CDATA[lastUpdated]]></rde:name>
                      <rde:childs is-null="true" />
                      <rde:values>
                        <rde:AttributeValue index="0">
                          <rde:stringValue><![CDATA[2012/12/25 15:12:16]]></rde:stringValue>
                        </rde:AttributeValue>
                      </rde:values>
                    </rde:Attribute>
                    <rde:Attribute>
                      <rde:name><![CDATA[null]]></rde:name>
                      <rde:childs>
                        <rde:Attribute>
                          <rde:name><![CDATA[key]]></rde:name>
                          <rde:childs is-null="true" />
                          <rde:values>
                            <rde:AttributeValue index="0">
                              <rde:stringValue><![CDATA[0]]></rde:stringValue>
                            </rde:AttributeValue>
                          </rde:values>
                        </rde:Attribute>
                        <rde:Attribute>
                          <rde:name><![CDATA[maxLength]]></rde:name>
                          <rde:childs is-null="true" />
                          <rde:values>
                            <rde:AttributeValue index="0">
                              <rde:stringValue><![CDATA[111]]></rde:stringValue>
                              <rde:longValue>111</rde:longValue>
                            </rde:AttributeValue>
                          </rde:values>
                        </rde:Attribute>
                        <rde:Attribute>
                          <rde:name><![CDATA[mandatory]]></rde:name>
                          <rde:childs is-null="true" />
                          <rde:values>
                            <rde:AttributeValue index="0">
                              <rde:stringValue><![CDATA[0]]></rde:stringValue>
                            </rde:AttributeValue>
                          </rde:values>
                        </rde:Attribute>
                        <rde:Attribute>
                          <rde:name><![CDATA[pattern]]></rde:name>
                          <rde:childs is-null="true" />
                          <rde:values>
                            <rde:AttributeValue index="0">
                              <rde:stringValue><![CDATA[]]></rde:stringValue>
                            </rde:AttributeValue>
                          </rde:values>
                        </rde:Attribute>
                        <rde:Attribute>
                          <rde:name><![CDATA[type]]></rde:name>
                          <rde:childs is-null="true" />
                          <rde:values>
                            <rde:AttributeValue index="0">
                              <rde:stringValue><![CDATA[hidden]]></rde:stringValue>
                            </rde:AttributeValue>
                          </rde:values>
                        </rde:Attribute>
                        <rde:Attribute>
                          <rde:name><![CDATA[name]]></rde:name>
                          <rde:childs is-null="true" />
                          <rde:values>
                            <rde:AttributeValue index="0">
                              <rde:stringValue><![CDATA[curAction]]></rde:stringValue>
                            </rde:AttributeValue>
                          </rde:values>
                        </rde:Attribute>
                        <rde:Attribute>
                          <rde:name><![CDATA[showInList]]></rde:name>
                          <rde:childs is-null="true" />
                          <rde:values>
                            <rde:AttributeValue index="0">
                              <rde:stringValue><![CDATA[0]]></rde:stringValue>
                            </rde:AttributeValue>
                          </rde:values>
                        </rde:Attribute>
                        <rde:Attribute>
                          <rde:name><![CDATA[minLength]]></rde:name>
                          <rde:childs is-null="true" />
                          <rde:values>
                            <rde:AttributeValue index="0">
                              <rde:stringValue><![CDATA[1]]></rde:stringValue>
                              <rde:longValue>1</rde:longValue>
                            </rde:AttributeValue>
                          </rde:values>
                        </rde:Attribute>
                      </rde:childs>
                    </rde:Attribute>
                  </rde:childs>
                </rde:Attribute>
              </rde:entry>
            </rde:attributes>
          </rde:FAttrOwner>
        </rde:entry>
      </rde:fattr>
      <rde:contentGroup>
        <rde:ContentGroup>
          <rde:path><![CDATA[gen-templates/gen-actions/instances/action]]></rde:path>
          <rde:description><![CDATA[]]></rde:description>
          <rde:type>-1</rde:type>
        </rde:ContentGroup>
      </rde:contentGroup>
      <rde:locvalues>
        <rde:ContentLocalizedValueSet>
          <rde:localeString><![CDATA[en]]></rde:localeString>
        </rde:ContentLocalizedValueSet>
      </rde:locvalues>
    </rde:StandardContent>
  </rde-xmaps:final>
</rde-xmaps:content>