<?xml version="1.0" encoding="UTF-8"?>
<show>

  <!-- include text ressources -->
  <rde-dm:include content="modules/modWebModule/resources/resources.xml"/>

  <!-- web module data -->
  <rde-dm:attribute mode="condition">
    <rde-dm:constraint>session:transient.stm.admin.ShowWebModuleSettings.last.wbf.actionName EQ "EditWebModuleSettings"</rde-dm:constraint>
    <rde-dm:if>
      <rde-dm:attribute attribute="session:transient.stm.admin.ShowWebModuleSettings.last.action_request" mode="read" op="xml" tag="notag" />
      <rde-dm:attribute attribute="session:transient.stm.admin.ShowWebModuleSettings.last.action_errors" mode="read" op="xml" tag="lastResponse" />
    </rde-dm:if>
    <rde-dm:else>
      <rde-dm:attribute attribute="session:transient.stm.admin.ShowWebModuleSettings.action_request_initial" inline-function="replace('action_request_initial','action_request')" mode="read" op="xml" tag="notag" />
    </rde-dm:else>
  </rde-dm:attribute>

  <!-- get current called action -->
  <rde-dm:attribute attribute="session:currentAction" mode="read" tag="action"/>

  <!-- get edit status -->
  <rde-dm:attribute attribute="session:webmodule.settings.edit" mode="read" tag="success"/>
  <rde-dm:attribute attribute="session:webmodule.settings.edit" mode="delete" op="delete"/>

</show>