<?xml version="1.0" encoding="UTF-8"?>

<rde-xmaps:content version="4.0.1" xmlns:fo="http://www.w3.org/1999/XSL/Format" xmlns:rde="http://www.reddot.de/rde/ns" xmlns:rde-dm="http://www.reddot.de/rde/ns/dm" xmlns:rde-fdl="http://www.reddot.de/rde/ns/fdl" xmlns:rde-idea="http://www.reddot.de/rde/ns/idea" xmlns:rde-rd="http://www.reddot.de/2000/rde/rd" xmlns:rde-rdf="http://www.reddot.de/rde/ns/rdf" xmlns:rde-xmaps="http://www.reddot.de/rde/ns/xmaps" xmlns:rdf="http://www.w3.org/TR/REC-rdf-syntax/" xmlns:xsl="http://www.w3.org/1999/XSL/Transform" xmlns:xsl-template="http://www.reddot.de/rde/ns/template">
  <rde-xmaps:final>
    <rde:StandardContent model-version="4.0" xmlns:rde="http://www.reddot.de/rde/ns">
      <rde:name><![CDATA[WebModuleSettings]]></rde:name>
      <rde:description><![CDATA[TEST]]></rde:description>
      <rde:creator><![CDATA[admin]]></rde:creator>
      <rde:creationTime>1288106619793</rde:creationTime>
      <rde:lastUpdateTime>1364075126898</rde:lastUpdateTime>
      <rde:lastEditor><![CDATA[wbfadmin]]></rde:lastEditor>
      <rde:version>1210</rde:version>
      <rde:versionComment><![CDATA[[#vcApiUpdate#]                     ]]></rde:versionComment>
      <rde:dynamic>true</rde:dynamic>
      <rde:finalStatus>true</rde:finalStatus>
      <rde:fattr>
        <rde:entry>
          <rde:key><![CDATA[]]></rde:key>
          <rde:FAttrOwner>
            <rde:attributes>
              <rde:entry>
                <rde:key><![CDATA[]]></rde:key>
                <rde:Attribute>
                  <rde:childs>
                    <rde:Attribute>
                      <rde:name><![CDATA[webModuleSettings]]></rde:name>
                      <rde:childs>
                        <rde:Attribute>
                          <rde:name><![CDATA[webModules]]></rde:name>
                          <rde:childs>
                            <rde:Attribute>
                              <rde:name><![CDATA[stm]]></rde:name>
                              <rde:childs>
                                <rde:Attribute>
                                  <rde:name><![CDATA[classpath]]></rde:name>
                                  <rde:childs is-null="true" />
                                </rde:Attribute>
                                <rde:Attribute>
                                  <rde:name><![CDATA[ipSecurity]]></rde:name>
                                  <rde:childs is-null="true" />
                                </rde:Attribute>
                              </rde:childs>
                            </rde:Attribute>
                          </rde:childs>
                        </rde:Attribute>
                        <rde:Attribute>
                          <rde:name><![CDATA[general]]></rde:name>
                          <rde:childs>
                            <rde:Attribute>
                              <rde:name><![CDATA[webModuleParameterName]]></rde:name>
                              <rde:childs is-null="true" />
                            </rde:Attribute>
                            <rde:Attribute>
                              <rde:name><![CDATA[applicationParameterName]]></rde:name>
                              <rde:childs is-null="true" />
                            </rde:Attribute>
                            <rde:Attribute>
                              <rde:name><![CDATA[actionParameterName]]></rde:name>
                              <rde:childs is-null="true" />
                            </rde:Attribute>
                            <rde:Attribute>
                              <rde:name><![CDATA[defaultWebModule]]></rde:name>
                              <rde:childs is-null="true" />
                            </rde:Attribute>
                            <rde:Attribute>
                              <rde:name><![CDATA[defaultApplication]]></rde:name>
                              <rde:childs is-null="true" />
                            </rde:Attribute>
                            <rde:Attribute>
                              <rde:name><![CDATA[projectParameterName]]></rde:name>
                              <rde:childs is-null="true" />
                            </rde:Attribute>
                            <rde:Attribute>
                              <rde:name><![CDATA[defaultProject]]></rde:name>
                              <rde:childs is-null="true" />
                            </rde:Attribute>
                            <rde:Attribute>
                              <rde:name><![CDATA[refererPageParameterName]]></rde:name>
                              <rde:childs is-null="true" />
                            </rde:Attribute>
                            <rde:Attribute>
                              <rde:name><![CDATA[debugMode]]></rde:name>
                              <rde:childs is-null="true" />
                            </rde:Attribute>
                            <rde:Attribute>
                              <rde:name><![CDATA[wbfDefaultWeblet]]></rde:name>
                              <rde:childs is-null="true" />
                            </rde:Attribute>
                          </rde:childs>
                        </rde:Attribute>
                      </rde:childs>
                    </rde:Attribute>
                  </rde:childs>
                </rde:Attribute>
              </rde:entry>
            </rde:attributes>
          </rde:FAttrOwner>
        </rde:entry>
        <rde:entry>
          <rde:key><![CDATA[en]]></rde:key>
          <rde:FAttrOwner>
            <rde:languageTag><![CDATA[en]]></rde:languageTag>
            <rde:attributes>
              <rde:entry>
                <rde:key><![CDATA[]]></rde:key>
                <rde:Attribute>
                  <rde:childs>
                    <rde:Attribute>
                      <rde:name><![CDATA[webModuleSettings]]></rde:name>
                      <rde:childs>
                        <rde:Attribute>
                          <rde:name><![CDATA[webModules]]></rde:name>
                          <rde:childs>
                            <rde:Attribute>
                              <rde:name><![CDATA[stm]]></rde:name>
                              <rde:childs>
                                <rde:Attribute>
                                  <rde:name><![CDATA[classpath]]></rde:name>
                                  <rde:childs is-null="true" />
                                  <rde:values>
                                    <rde:AttributeValue index="0">
                                      <rde:stringValue><![CDATA[de.webertise.wbf.base.webmoduleimpl.StateTransitionModule]]></rde:stringValue>
                                    </rde:AttributeValue>
                                  </rde:values>
                                </rde:Attribute>
                                <rde:Attribute>
                                  <rde:name><![CDATA[ipSecurity]]></rde:name>
                                  <rde:childs is-null="true" />
                                  <rde:values>
                                    <rde:AttributeValue index="0">
                                      <rde:stringValue><![CDATA[192.168.*.*]]></rde:stringValue>
                                    </rde:AttributeValue>
                                  </rde:values>
                                </rde:Attribute>
                              </rde:childs>
                            </rde:Attribute>
                          </rde:childs>
                        </rde:Attribute>
                        <rde:Attribute>
                          <rde:name><![CDATA[general]]></rde:name>
                          <rde:childs>
                            <rde:Attribute>
                              <rde:name><![CDATA[webModuleParameterName]]></rde:name>
                              <rde:childs is-null="true" />
                              <rde:values>
                                <rde:AttributeValue index="0">
                                  <rde:stringValue><![CDATA[wm]]></rde:stringValue>
                                </rde:AttributeValue>
                              </rde:values>
                            </rde:Attribute>
                            <rde:Attribute>
                              <rde:name><![CDATA[applicationParameterName]]></rde:name>
                              <rde:childs is-null="true" />
                              <rde:values>
                                <rde:AttributeValue index="0">
                                  <rde:stringValue><![CDATA[ap]]></rde:stringValue>
                                </rde:AttributeValue>
                              </rde:values>
                            </rde:Attribute>
                            <rde:Attribute>
                              <rde:name><![CDATA[actionParameterName]]></rde:name>
                              <rde:childs is-null="true" />
                              <rde:values>
                                <rde:AttributeValue index="0">
                                  <rde:stringValue><![CDATA[ak]]></rde:stringValue>
                                </rde:AttributeValue>
                              </rde:values>
                            </rde:Attribute>
                            <rde:Attribute>
                              <rde:name><![CDATA[defaultWebModule]]></rde:name>
                              <rde:childs is-null="true" />
                              <rde:values>
                                <rde:AttributeValue index="0">
                                  <rde:stringValue><![CDATA[stm]]></rde:stringValue>
                                </rde:AttributeValue>
                              </rde:values>
                            </rde:Attribute>
                            <rde:Attribute>
                              <rde:name><![CDATA[defaultApplication]]></rde:name>
                              <rde:childs is-null="true" />
                              <rde:values>
                                <rde:AttributeValue index="0">
                                  <rde:stringValue><![CDATA[community]]></rde:stringValue>
                                </rde:AttributeValue>
                              </rde:values>
                            </rde:Attribute>
                            <rde:Attribute>
                              <rde:name><![CDATA[projectParameterName]]></rde:name>
                              <rde:childs is-null="true" />
                              <rde:values>
                                <rde:AttributeValue index="0">
                                  <rde:stringValue><![CDATA[pr]]></rde:stringValue>
                                </rde:AttributeValue>
                              </rde:values>
                            </rde:Attribute>
                            <rde:Attribute>
                              <rde:name><![CDATA[defaultProject]]></rde:name>
                              <rde:childs is-null="true" />
                              <rde:values>
                                <rde:AttributeValue index="0">
                                  <rde:stringValue><![CDATA[wbfcommunity]]></rde:stringValue>
                                </rde:AttributeValue>
                              </rde:values>
                            </rde:Attribute>
                            <rde:Attribute>
                              <rde:name><![CDATA[refererPageParameterName]]></rde:name>
                              <rde:childs is-null="true" />
                              <rde:values>
                                <rde:AttributeValue index="0">
                                  <rde:stringValue><![CDATA[rp]]></rde:stringValue>
                                </rde:AttributeValue>
                              </rde:values>
                            </rde:Attribute>
                            <rde:Attribute>
                              <rde:name><![CDATA[debugMode]]></rde:name>
                              <rde:childs is-null="true" />
                              <rde:values>
                                <rde:AttributeValue index="0">
                                  <rde:stringValue><![CDATA[on]]></rde:stringValue>
                                </rde:AttributeValue>
                              </rde:values>
                            </rde:Attribute>
                            <rde:Attribute>
                              <rde:name><![CDATA[wbfDefaultWeblet]]></rde:name>
                              <rde:childs is-null="true" />
                              <rde:values>
                                <rde:AttributeValue index="0">
                                  <rde:stringValue><![CDATA[on]]></rde:stringValue>
                                </rde:AttributeValue>
                              </rde:values>
                            </rde:Attribute>
                          </rde:childs>
                        </rde:Attribute>
                      </rde:childs>
                    </rde:Attribute>
                  </rde:childs>
                </rde:Attribute>
              </rde:entry>
            </rde:attributes>
          </rde:FAttrOwner>
        </rde:entry>
      </rde:fattr>
      <rde:contentGroup>
        <rde:ContentGroup>
          <rde:path><![CDATA[]]></rde:path>
          <rde:description><![CDATA[]]></rde:description>
          <rde:type>-1</rde:type>
        </rde:ContentGroup>
      </rde:contentGroup>
      <rde:locvalues>
        <rde:ContentLocalizedValueSet>
          <rde:localeString><![CDATA[en]]></rde:localeString>
          <rde:locvalues>
            <rde:entry>
              <rde:key><![CDATA[en]]></rde:key>
              <rde:XmlContentData>
                <rde:localeString><![CDATA[en]]></rde:localeString>
                <rde:blob>
                  <rde:BLOB>
                    <rde:name><![CDATA[gen--747110918]]></rde:name>
                    <rde:description><![CDATA[]]></rde:description>
                    <rde:mimeType><![CDATA[]]></rde:mimeType>
                    <rde:creation>1288361256543</rde:creation>
                    <rde:size>18</rde:size>
                    <rde:localePolicy><![CDATA[none]]></rde:localePolicy>
                    <rde:reference><![CDATA[final/en/WebModuleSettings]]></rde:reference>
                  </rde:BLOB>
                </rde:blob>
                <rde:reference><![CDATA[final/en/WebModuleSettings]]></rde:reference>
              </rde:XmlContentData>
            </rde:entry>
          </rde:locvalues>
        </rde:ContentLocalizedValueSet>
      </rde:locvalues>
      <rde:constraints>
        <rde:Constraints />
      </rde:constraints>
    </rde:StandardContent>
  </rde-xmaps:final>
</rde-xmaps:content>