<controller>

  <rde-dm:attribute mode="condition">
    <rde-dm:constraint>session:currentAction eq "EditMyProfile"</rde-dm:constraint>
    <rde-dm:include content="modules/modMyProfile/actions/edit.xml" stylesheet="modules/modMyProfile/templates/edit.xsl"/>
  </rde-dm:attribute>

  <rde-dm:attribute mode="condition">
    <rde-dm:constraint>session:currentAction eq "ShowMyProfile"</rde-dm:constraint>
    <rde-dm:include content="modules/modMyProfile/actions/show.xml" stylesheet="modules/modMyProfile/templates/show.xsl"/>
  </rde-dm:attribute>

</controller>