<?xml version="1.0" encoding="UTF-8"?>

<rde-xmaps:content version="4.0.1" xmlns:fo="http://www.w3.org/1999/XSL/Format" xmlns:rde="http://www.reddot.de/rde/ns" xmlns:rde-dm="http://www.reddot.de/rde/ns/dm" xmlns:rde-fdl="http://www.reddot.de/rde/ns/fdl" xmlns:rde-idea="http://www.reddot.de/rde/ns/idea" xmlns:rde-rd="http://www.reddot.de/2000/rde/rd" xmlns:rde-rdf="http://www.reddot.de/rde/ns/rdf" xmlns:rde-xmaps="http://www.reddot.de/rde/ns/xmaps" xmlns:rdf="http://www.w3.org/TR/REC-rdf-syntax/" xmlns:xsl="http://www.w3.org/1999/XSL/Transform" xmlns:xsl-template="http://www.reddot.de/rde/ns/template">
  <rde-xmaps:final>
    <rde:StandardContent model-version="4.0" xmlns:rde="http://www.reddot.de/rde/ns">
      <rde:name><![CDATA[definition.xml]]></rde:name>
      <rde:description><![CDATA[]]></rde:description>
      <rde:creator><![CDATA[bernfried]]></rde:creator>
      <rde:leasingTime>3600000</rde:leasingTime>
      <rde:creationTime>1355960751917</rde:creationTime>
      <rde:lastUpdateTime>1357979427749</rde:lastUpdateTime>
      <rde:lastEditor><![CDATA[bernfried]]></rde:lastEditor>
      <rde:version>1828</rde:version>
      <rde:versionComment><![CDATA[[#vcApiUpdate#]                                                                                                                                                                           ]]></rde:versionComment>
      <rde:finalStatus>true</rde:finalStatus>
      <rde:fattr>
        <rde:entry>
          <rde:key><![CDATA[]]></rde:key>
          <rde:FAttrOwner>
            <rde:attributes>
              <rde:entry>
                <rde:key><![CDATA[]]></rde:key>
                <rde:Attribute>
                  <rde:childs>
                    <rde:Attribute>
                      <rde:name><![CDATA[root]]></rde:name>
                      <rde:childs>
                        <rde:Attribute>
                          <rde:name><![CDATA[controllerName]]></rde:name>
                          <rde:childs is-null="true" />
                        </rde:Attribute>
                        <rde:Attribute>
                          <rde:name><![CDATA[attributes]]></rde:name>
                          <rde:childs>
                            <rde:Attribute>
                              <rde:name><![CDATA[title]]></rde:name>
                              <rde:childs>
                                <rde:Attribute>
                                  <rde:name><![CDATA[minLength]]></rde:name>
                                  <rde:childs is-null="true" />
                                </rde:Attribute>
                                <rde:Attribute>
                                  <rde:name><![CDATA[maxLength]]></rde:name>
                                  <rde:childs is-null="true" />
                                </rde:Attribute>
                                <rde:Attribute>
                                  <rde:name><![CDATA[mandatory]]></rde:name>
                                  <rde:childs is-null="true" />
                                </rde:Attribute>
                                <rde:Attribute>
                                  <rde:name><![CDATA[name]]></rde:name>
                                  <rde:childs is-null="true" />
                                </rde:Attribute>
                                <rde:Attribute>
                                  <rde:name><![CDATA[type]]></rde:name>
                                  <rde:childs is-null="true" />
                                </rde:Attribute>
                                <rde:Attribute>
                                  <rde:name><![CDATA[showInList]]></rde:name>
                                  <rde:childs is-null="true" />
                                </rde:Attribute>
                                <rde:Attribute>
                                  <rde:name><![CDATA[pattern]]></rde:name>
                                  <rde:childs is-null="true" />
                                </rde:Attribute>
                                <rde:Attribute>
                                  <rde:name><![CDATA[key]]></rde:name>
                                  <rde:childs is-null="true" />
                                </rde:Attribute>
                              </rde:childs>
                            </rde:Attribute>
                            <rde:Attribute>
                              <rde:name><![CDATA[introduction]]></rde:name>
                              <rde:childs>
                                <rde:Attribute>
                                  <rde:name><![CDATA[name]]></rde:name>
                                  <rde:childs is-null="true" />
                                </rde:Attribute>
                                <rde:Attribute>
                                  <rde:name><![CDATA[minLength]]></rde:name>
                                  <rde:childs is-null="true" />
                                </rde:Attribute>
                                <rde:Attribute>
                                  <rde:name><![CDATA[maxLength]]></rde:name>
                                  <rde:childs is-null="true" />
                                </rde:Attribute>
                                <rde:Attribute>
                                  <rde:name><![CDATA[mandatory]]></rde:name>
                                  <rde:childs is-null="true" />
                                </rde:Attribute>
                                <rde:Attribute>
                                  <rde:name><![CDATA[pattern]]></rde:name>
                                  <rde:childs is-null="true" />
                                </rde:Attribute>
                                <rde:Attribute>
                                  <rde:name><![CDATA[type]]></rde:name>
                                  <rde:childs is-null="true" />
                                </rde:Attribute>
                                <rde:Attribute>
                                  <rde:name><![CDATA[showInList]]></rde:name>
                                  <rde:childs is-null="true" />
                                </rde:Attribute>
                                <rde:Attribute>
                                  <rde:name><![CDATA[key]]></rde:name>
                                  <rde:childs is-null="true" />
                                </rde:Attribute>
                              </rde:childs>
                            </rde:Attribute>
                            <rde:Attribute>
                              <rde:name><![CDATA[text]]></rde:name>
                              <rde:childs>
                                <rde:Attribute>
                                  <rde:name><![CDATA[name]]></rde:name>
                                  <rde:childs is-null="true" />
                                </rde:Attribute>
                                <rde:Attribute>
                                  <rde:name><![CDATA[minLength]]></rde:name>
                                  <rde:childs is-null="true" />
                                </rde:Attribute>
                                <rde:Attribute>
                                  <rde:name><![CDATA[maxLength]]></rde:name>
                                  <rde:childs is-null="true" />
                                </rde:Attribute>
                                <rde:Attribute>
                                  <rde:name><![CDATA[mandatory]]></rde:name>
                                  <rde:childs is-null="true" />
                                </rde:Attribute>
                                <rde:Attribute>
                                  <rde:name><![CDATA[pattern]]></rde:name>
                                  <rde:childs is-null="true" />
                                </rde:Attribute>
                                <rde:Attribute>
                                  <rde:name><![CDATA[type]]></rde:name>
                                  <rde:childs is-null="true" />
                                </rde:Attribute>
                                <rde:Attribute>
                                  <rde:name><![CDATA[showInList]]></rde:name>
                                  <rde:childs is-null="true" />
                                </rde:Attribute>
                                <rde:Attribute>
                                  <rde:name><![CDATA[key]]></rde:name>
                                  <rde:childs is-null="true" />
                                </rde:Attribute>
                              </rde:childs>
                            </rde:Attribute>
                            <rde:Attribute>
                              <rde:name><![CDATA[cid]]></rde:name>
                              <rde:childs>
                                <rde:Attribute>
                                  <rde:name><![CDATA[name]]></rde:name>
                                  <rde:childs is-null="true" />
                                </rde:Attribute>
                                <rde:Attribute>
                                  <rde:name><![CDATA[type]]></rde:name>
                                  <rde:childs is-null="true" />
                                </rde:Attribute>
                                <rde:Attribute>
                                  <rde:name><![CDATA[showInList]]></rde:name>
                                  <rde:childs is-null="true" />
                                </rde:Attribute>
                                <rde:Attribute>
                                  <rde:name><![CDATA[key]]></rde:name>
                                  <rde:childs is-null="true" />
                                </rde:Attribute>
                                <rde:Attribute>
                                  <rde:name><![CDATA[minLength]]></rde:name>
                                  <rde:childs is-null="true" />
                                </rde:Attribute>
                                <rde:Attribute>
                                  <rde:name><![CDATA[maxLength]]></rde:name>
                                  <rde:childs is-null="true" />
                                </rde:Attribute>
                                <rde:Attribute>
                                  <rde:name><![CDATA[mandatory]]></rde:name>
                                  <rde:childs is-null="true" />
                                </rde:Attribute>
                                <rde:Attribute>
                                  <rde:name><![CDATA[pattern]]></rde:name>
                                  <rde:childs is-null="true" />
                                </rde:Attribute>
                              </rde:childs>
                            </rde:Attribute>
                          </rde:childs>
                        </rde:Attribute>
                        <rde:Attribute>
                          <rde:name><![CDATA[targetProject]]></rde:name>
                          <rde:childs is-null="true" />
                        </rde:Attribute>
                        <rde:Attribute>
                          <rde:name><![CDATA[targetApplication]]></rde:name>
                          <rde:childs is-null="true" />
                        </rde:Attribute>
                        <rde:Attribute>
                          <rde:name><![CDATA[actions]]></rde:name>
                          <rde:childs>
                            <rde:Attribute>
                              <rde:name><![CDATA[showDetails]]></rde:name>
                              <rde:childs>
                                <rde:Attribute>
                                  <rde:name><![CDATA[attributes]]></rde:name>
                                  <rde:childs is-null="true" />
                                </rde:Attribute>
                                <rde:Attribute>
                                  <rde:name><![CDATA[forwards]]></rde:name>
                                  <rde:childs>
                                    <rde:Attribute>
                                      <rde:name><![CDATA[ok]]></rde:name>
                                      <rde:childs>
                                        <rde:Attribute>
                                          <rde:name><![CDATA[type]]></rde:name>
                                          <rde:childs is-null="true" />
                                        </rde:Attribute>
                                        <rde:Attribute>
                                          <rde:name><![CDATA[view]]></rde:name>
                                          <rde:childs is-null="true" />
                                        </rde:Attribute>
                                        <rde:Attribute>
                                          <rde:name><![CDATA[template]]></rde:name>
                                          <rde:childs is-null="true" />
                                        </rde:Attribute>
                                      </rde:childs>
                                    </rde:Attribute>
                                  </rde:childs>
                                </rde:Attribute>
                                <rde:Attribute>
                                  <rde:name><![CDATA[packageName]]></rde:name>
                                  <rde:childs is-null="true" />
                                </rde:Attribute>
                                <rde:Attribute>
                                  <rde:name><![CDATA[group]]></rde:name>
                                  <rde:childs is-null="true" />
                                </rde:Attribute>
                              </rde:childs>
                            </rde:Attribute>
                            <rde:Attribute>
                              <rde:name><![CDATA[showList]]></rde:name>
                              <rde:childs>
                                <rde:Attribute>
                                  <rde:name><![CDATA[forwards]]></rde:name>
                                  <rde:childs>
                                    <rde:Attribute>
                                      <rde:name><![CDATA[ok]]></rde:name>
                                      <rde:childs>
                                        <rde:Attribute>
                                          <rde:name><![CDATA[type]]></rde:name>
                                          <rde:childs is-null="true" />
                                        </rde:Attribute>
                                        <rde:Attribute>
                                          <rde:name><![CDATA[view]]></rde:name>
                                          <rde:childs is-null="true" />
                                        </rde:Attribute>
                                        <rde:Attribute>
                                          <rde:name><![CDATA[template]]></rde:name>
                                          <rde:childs is-null="true" />
                                        </rde:Attribute>
                                      </rde:childs>
                                    </rde:Attribute>
                                  </rde:childs>
                                </rde:Attribute>
                                <rde:Attribute>
                                  <rde:name><![CDATA[packageName]]></rde:name>
                                  <rde:childs is-null="true" />
                                </rde:Attribute>
                                <rde:Attribute>
                                  <rde:name><![CDATA[group]]></rde:name>
                                  <rde:childs is-null="true" />
                                </rde:Attribute>
                                <rde:Attribute>
                                  <rde:name><![CDATA[attributes]]></rde:name>
                                  <rde:childs is-null="true" />
                                </rde:Attribute>
                              </rde:childs>
                            </rde:Attribute>
                            <rde:Attribute>
                              <rde:name><![CDATA[new]]></rde:name>
                              <rde:childs>
                                <rde:Attribute>
                                  <rde:name><![CDATA[forwards]]></rde:name>
                                  <rde:childs>
                                    <rde:Attribute>
                                      <rde:name><![CDATA[ok]]></rde:name>
                                      <rde:childs>
                                        <rde:Attribute>
                                          <rde:name><![CDATA[type]]></rde:name>
                                          <rde:childs is-null="true" />
                                        </rde:Attribute>
                                        <rde:Attribute>
                                          <rde:name><![CDATA[view]]></rde:name>
                                          <rde:childs is-null="true" />
                                        </rde:Attribute>
                                        <rde:Attribute>
                                          <rde:name><![CDATA[template]]></rde:name>
                                          <rde:childs is-null="true" />
                                        </rde:Attribute>
                                        <rde:Attribute>
                                          <rde:name><![CDATA[action]]></rde:name>
                                          <rde:childs is-null="true" />
                                        </rde:Attribute>
                                      </rde:childs>
                                    </rde:Attribute>
                                  </rde:childs>
                                </rde:Attribute>
                                <rde:Attribute>
                                  <rde:name><![CDATA[packageName]]></rde:name>
                                  <rde:childs is-null="true" />
                                </rde:Attribute>
                                <rde:Attribute>
                                  <rde:name><![CDATA[group]]></rde:name>
                                  <rde:childs is-null="true" />
                                </rde:Attribute>
                                <rde:Attribute>
                                  <rde:name><![CDATA[attributes]]></rde:name>
                                  <rde:childs is-null="true" />
                                </rde:Attribute>
                              </rde:childs>
                            </rde:Attribute>
                            <rde:Attribute>
                              <rde:name><![CDATA[update]]></rde:name>
                              <rde:childs>
                                <rde:Attribute>
                                  <rde:name><![CDATA[attributes]]></rde:name>
                                  <rde:childs is-null="true" />
                                </rde:Attribute>
                                <rde:Attribute>
                                  <rde:name><![CDATA[forwards]]></rde:name>
                                  <rde:childs>
                                    <rde:Attribute>
                                      <rde:name><![CDATA[nok]]></rde:name>
                                      <rde:childs>
                                        <rde:Attribute>
                                          <rde:name><![CDATA[type]]></rde:name>
                                          <rde:childs is-null="true" />
                                        </rde:Attribute>
                                        <rde:Attribute>
                                          <rde:name><![CDATA[action]]></rde:name>
                                          <rde:childs is-null="true" />
                                        </rde:Attribute>
                                      </rde:childs>
                                    </rde:Attribute>
                                    <rde:Attribute>
                                      <rde:name><![CDATA[ok]]></rde:name>
                                      <rde:childs>
                                        <rde:Attribute>
                                          <rde:name><![CDATA[type]]></rde:name>
                                          <rde:childs is-null="true" />
                                        </rde:Attribute>
                                        <rde:Attribute>
                                          <rde:name><![CDATA[action]]></rde:name>
                                          <rde:childs is-null="true" />
                                        </rde:Attribute>
                                      </rde:childs>
                                    </rde:Attribute>
                                  </rde:childs>
                                </rde:Attribute>
                                <rde:Attribute>
                                  <rde:name><![CDATA[packageName]]></rde:name>
                                  <rde:childs is-null="true" />
                                </rde:Attribute>
                                <rde:Attribute>
                                  <rde:name><![CDATA[group]]></rde:name>
                                  <rde:childs is-null="true" />
                                </rde:Attribute>
                              </rde:childs>
                            </rde:Attribute>
                          </rde:childs>
                        </rde:Attribute>
                      </rde:childs>
                    </rde:Attribute>
                  </rde:childs>
                </rde:Attribute>
              </rde:entry>
            </rde:attributes>
          </rde:FAttrOwner>
        </rde:entry>
        <rde:entry>
          <rde:key><![CDATA[en]]></rde:key>
          <rde:FAttrOwner>
            <rde:languageTag><![CDATA[en]]></rde:languageTag>
            <rde:attributes>
              <rde:entry>
                <rde:key><![CDATA[]]></rde:key>
                <rde:Attribute>
                  <rde:childs>
                    <rde:Attribute>
                      <rde:name><![CDATA[root]]></rde:name>
                      <rde:childs>
                        <rde:Attribute>
                          <rde:name><![CDATA[controllerName]]></rde:name>
                          <rde:childs is-null="true" />
                          <rde:values>
                            <rde:AttributeValue index="0">
                              <rde:stringValue><![CDATA[News]]></rde:stringValue>
                            </rde:AttributeValue>
                          </rde:values>
                        </rde:Attribute>
                        <rde:Attribute>
                          <rde:name><![CDATA[attributes]]></rde:name>
                          <rde:childs>
                            <rde:Attribute>
                              <rde:name><![CDATA[title]]></rde:name>
                              <rde:childs>
                                <rde:Attribute>
                                  <rde:name><![CDATA[minLength]]></rde:name>
                                  <rde:childs is-null="true" />
                                  <rde:values>
                                    <rde:AttributeValue index="0">
                                      <rde:stringValue><![CDATA[2]]></rde:stringValue>
                                      <rde:longValue>2</rde:longValue>
                                    </rde:AttributeValue>
                                  </rde:values>
                                </rde:Attribute>
                                <rde:Attribute>
                                  <rde:name><![CDATA[maxLength]]></rde:name>
                                  <rde:childs is-null="true" />
                                  <rde:values>
                                    <rde:AttributeValue index="0">
                                      <rde:stringValue><![CDATA[150]]></rde:stringValue>
                                      <rde:longValue>150</rde:longValue>
                                    </rde:AttributeValue>
                                  </rde:values>
                                </rde:Attribute>
                                <rde:Attribute>
                                  <rde:name><![CDATA[mandatory]]></rde:name>
                                  <rde:childs is-null="true" />
                                  <rde:values>
                                    <rde:AttributeValue index="0">
                                      <rde:stringValue><![CDATA[1]]></rde:stringValue>
                                      <rde:longValue>1</rde:longValue>
                                    </rde:AttributeValue>
                                  </rde:values>
                                </rde:Attribute>
                                <rde:Attribute>
                                  <rde:name><![CDATA[name]]></rde:name>
                                  <rde:childs is-null="true" />
                                  <rde:values>
                                    <rde:AttributeValue index="0">
                                      <rde:stringValue><![CDATA[title]]></rde:stringValue>
                                    </rde:AttributeValue>
                                  </rde:values>
                                </rde:Attribute>
                                <rde:Attribute>
                                  <rde:name><![CDATA[type]]></rde:name>
                                  <rde:childs is-null="true" />
                                  <rde:values>
                                    <rde:AttributeValue index="0">
                                      <rde:stringValue><![CDATA[input]]></rde:stringValue>
                                    </rde:AttributeValue>
                                  </rde:values>
                                </rde:Attribute>
                                <rde:Attribute>
                                  <rde:name><![CDATA[showInList]]></rde:name>
                                  <rde:childs is-null="true" />
                                  <rde:values>
                                    <rde:AttributeValue index="0">
                                      <rde:stringValue><![CDATA[1]]></rde:stringValue>
                                      <rde:longValue>1</rde:longValue>
                                    </rde:AttributeValue>
                                  </rde:values>
                                </rde:Attribute>
                                <rde:Attribute>
                                  <rde:name><![CDATA[pattern]]></rde:name>
                                  <rde:childs is-null="true" />
                                </rde:Attribute>
                                <rde:Attribute>
                                  <rde:name><![CDATA[key]]></rde:name>
                                  <rde:childs is-null="true" />
                                  <rde:values>
                                    <rde:AttributeValue index="0">
                                      <rde:stringValue><![CDATA[0]]></rde:stringValue>
                                    </rde:AttributeValue>
                                  </rde:values>
                                </rde:Attribute>
                              </rde:childs>
                              <rde:values>
                                <rde:AttributeValue index="0">
                                  <rde:stringValue><![CDATA[title]]></rde:stringValue>
                                </rde:AttributeValue>
                              </rde:values>
                            </rde:Attribute>
                            <rde:Attribute>
                              <rde:name><![CDATA[introduction]]></rde:name>
                              <rde:childs>
                                <rde:Attribute>
                                  <rde:name><![CDATA[name]]></rde:name>
                                  <rde:childs is-null="true" />
                                  <rde:values>
                                    <rde:AttributeValue index="0">
                                      <rde:stringValue><![CDATA[introduction]]></rde:stringValue>
                                    </rde:AttributeValue>
                                  </rde:values>
                                </rde:Attribute>
                                <rde:Attribute>
                                  <rde:name><![CDATA[minLength]]></rde:name>
                                  <rde:childs is-null="true" />
                                  <rde:values>
                                    <rde:AttributeValue index="0">
                                      <rde:stringValue><![CDATA[1]]></rde:stringValue>
                                      <rde:longValue>1</rde:longValue>
                                    </rde:AttributeValue>
                                  </rde:values>
                                </rde:Attribute>
                                <rde:Attribute>
                                  <rde:name><![CDATA[maxLength]]></rde:name>
                                  <rde:childs is-null="true" />
                                  <rde:values>
                                    <rde:AttributeValue index="0">
                                      <rde:stringValue><![CDATA[1000]]></rde:stringValue>
                                      <rde:longValue>1000</rde:longValue>
                                    </rde:AttributeValue>
                                  </rde:values>
                                </rde:Attribute>
                                <rde:Attribute>
                                  <rde:name><![CDATA[mandatory]]></rde:name>
                                  <rde:childs is-null="true" />
                                  <rde:values>
                                    <rde:AttributeValue index="0">
                                      <rde:stringValue><![CDATA[1]]></rde:stringValue>
                                      <rde:longValue>1</rde:longValue>
                                    </rde:AttributeValue>
                                  </rde:values>
                                </rde:Attribute>
                                <rde:Attribute>
                                  <rde:name><![CDATA[pattern]]></rde:name>
                                  <rde:childs is-null="true" />
                                </rde:Attribute>
                                <rde:Attribute>
                                  <rde:name><![CDATA[type]]></rde:name>
                                  <rde:childs is-null="true" />
                                  <rde:values>
                                    <rde:AttributeValue index="0">
                                      <rde:stringValue><![CDATA[textarea]]></rde:stringValue>
                                    </rde:AttributeValue>
                                  </rde:values>
                                </rde:Attribute>
                                <rde:Attribute>
                                  <rde:name><![CDATA[showInList]]></rde:name>
                                  <rde:childs is-null="true" />
                                  <rde:values>
                                    <rde:AttributeValue index="0">
                                      <rde:stringValue><![CDATA[0]]></rde:stringValue>
                                    </rde:AttributeValue>
                                  </rde:values>
                                </rde:Attribute>
                                <rde:Attribute>
                                  <rde:name><![CDATA[key]]></rde:name>
                                  <rde:childs is-null="true" />
                                  <rde:values>
                                    <rde:AttributeValue index="0">
                                      <rde:stringValue><![CDATA[0]]></rde:stringValue>
                                    </rde:AttributeValue>
                                  </rde:values>
                                </rde:Attribute>
                              </rde:childs>
                              <rde:values>
                                <rde:AttributeValue index="0">
                                  <rde:stringValue><![CDATA[introduction]]></rde:stringValue>
                                </rde:AttributeValue>
                              </rde:values>
                            </rde:Attribute>
                            <rde:Attribute>
                              <rde:name><![CDATA[text]]></rde:name>
                              <rde:childs>
                                <rde:Attribute>
                                  <rde:name><![CDATA[name]]></rde:name>
                                  <rde:childs is-null="true" />
                                  <rde:values>
                                    <rde:AttributeValue index="0">
                                      <rde:stringValue><![CDATA[text]]></rde:stringValue>
                                    </rde:AttributeValue>
                                  </rde:values>
                                </rde:Attribute>
                                <rde:Attribute>
                                  <rde:name><![CDATA[minLength]]></rde:name>
                                  <rde:childs is-null="true" />
                                  <rde:values>
                                    <rde:AttributeValue index="0">
                                      <rde:stringValue><![CDATA[1]]></rde:stringValue>
                                      <rde:longValue>1</rde:longValue>
                                    </rde:AttributeValue>
                                  </rde:values>
                                </rde:Attribute>
                                <rde:Attribute>
                                  <rde:name><![CDATA[maxLength]]></rde:name>
                                  <rde:childs is-null="true" />
                                  <rde:values>
                                    <rde:AttributeValue index="0">
                                      <rde:stringValue><![CDATA[10000]]></rde:stringValue>
                                      <rde:longValue>10000</rde:longValue>
                                    </rde:AttributeValue>
                                  </rde:values>
                                </rde:Attribute>
                                <rde:Attribute>
                                  <rde:name><![CDATA[mandatory]]></rde:name>
                                  <rde:childs is-null="true" />
                                  <rde:values>
                                    <rde:AttributeValue index="0">
                                      <rde:stringValue><![CDATA[1]]></rde:stringValue>
                                      <rde:longValue>1</rde:longValue>
                                    </rde:AttributeValue>
                                  </rde:values>
                                </rde:Attribute>
                                <rde:Attribute>
                                  <rde:name><![CDATA[pattern]]></rde:name>
                                  <rde:childs is-null="true" />
                                </rde:Attribute>
                                <rde:Attribute>
                                  <rde:name><![CDATA[type]]></rde:name>
                                  <rde:childs is-null="true" />
                                  <rde:values>
                                    <rde:AttributeValue index="0">
                                      <rde:stringValue><![CDATA[textarea]]></rde:stringValue>
                                    </rde:AttributeValue>
                                  </rde:values>
                                </rde:Attribute>
                                <rde:Attribute>
                                  <rde:name><![CDATA[showInList]]></rde:name>
                                  <rde:childs is-null="true" />
                                  <rde:values>
                                    <rde:AttributeValue index="0">
                                      <rde:stringValue><![CDATA[0]]></rde:stringValue>
                                    </rde:AttributeValue>
                                  </rde:values>
                                </rde:Attribute>
                                <rde:Attribute>
                                  <rde:name><![CDATA[key]]></rde:name>
                                  <rde:childs is-null="true" />
                                  <rde:values>
                                    <rde:AttributeValue index="0">
                                      <rde:stringValue><![CDATA[0]]></rde:stringValue>
                                    </rde:AttributeValue>
                                  </rde:values>
                                </rde:Attribute>
                              </rde:childs>
                              <rde:values>
                                <rde:AttributeValue index="0">
                                  <rde:stringValue><![CDATA[text]]></rde:stringValue>
                                </rde:AttributeValue>
                              </rde:values>
                            </rde:Attribute>
                            <rde:Attribute>
                              <rde:name><![CDATA[cid]]></rde:name>
                              <rde:childs>
                                <rde:Attribute>
                                  <rde:name><![CDATA[name]]></rde:name>
                                  <rde:childs is-null="true" />
                                  <rde:values>
                                    <rde:AttributeValue index="0">
                                      <rde:stringValue><![CDATA[cid]]></rde:stringValue>
                                    </rde:AttributeValue>
                                  </rde:values>
                                </rde:Attribute>
                                <rde:Attribute>
                                  <rde:name><![CDATA[type]]></rde:name>
                                  <rde:childs is-null="true" />
                                  <rde:values>
                                    <rde:AttributeValue index="0">
                                      <rde:stringValue><![CDATA[hidden]]></rde:stringValue>
                                    </rde:AttributeValue>
                                  </rde:values>
                                </rde:Attribute>
                                <rde:Attribute>
                                  <rde:name><![CDATA[showInList]]></rde:name>
                                  <rde:childs is-null="true" />
                                  <rde:values>
                                    <rde:AttributeValue index="0">
                                      <rde:stringValue><![CDATA[1]]></rde:stringValue>
                                      <rde:longValue>1</rde:longValue>
                                    </rde:AttributeValue>
                                  </rde:values>
                                </rde:Attribute>
                                <rde:Attribute>
                                  <rde:name><![CDATA[key]]></rde:name>
                                  <rde:childs is-null="true" />
                                  <rde:values>
                                    <rde:AttributeValue index="0">
                                      <rde:stringValue><![CDATA[1]]></rde:stringValue>
                                      <rde:longValue>1</rde:longValue>
                                    </rde:AttributeValue>
                                  </rde:values>
                                </rde:Attribute>
                                <rde:Attribute>
                                  <rde:name><![CDATA[minLength]]></rde:name>
                                  <rde:childs is-null="true" />
                                </rde:Attribute>
                                <rde:Attribute>
                                  <rde:name><![CDATA[maxLength]]></rde:name>
                                  <rde:childs is-null="true" />
                                </rde:Attribute>
                                <rde:Attribute>
                                  <rde:name><![CDATA[mandatory]]></rde:name>
                                  <rde:childs is-null="true" />
                                  <rde:values>
                                    <rde:AttributeValue index="0">
                                      <rde:stringValue><![CDATA[1]]></rde:stringValue>
                                      <rde:longValue>1</rde:longValue>
                                    </rde:AttributeValue>
                                  </rde:values>
                                </rde:Attribute>
                                <rde:Attribute>
                                  <rde:name><![CDATA[pattern]]></rde:name>
                                  <rde:childs is-null="true" />
                                </rde:Attribute>
                              </rde:childs>
                              <rde:values>
                                <rde:AttributeValue index="0">
                                  <rde:stringValue><![CDATA[cid]]></rde:stringValue>
                                </rde:AttributeValue>
                              </rde:values>
                            </rde:Attribute>
                          </rde:childs>
                        </rde:Attribute>
                        <rde:Attribute>
                          <rde:name><![CDATA[targetProject]]></rde:name>
                          <rde:childs is-null="true" />
                          <rde:values>
                            <rde:AttributeValue index="0">
                              <rde:stringValue><![CDATA[wbfdata2test]]></rde:stringValue>
                            </rde:AttributeValue>
                          </rde:values>
                        </rde:Attribute>
                        <rde:Attribute>
                          <rde:name><![CDATA[targetApplication]]></rde:name>
                          <rde:childs is-null="true" />
                          <rde:values>
                            <rde:AttributeValue index="0">
                              <rde:stringValue><![CDATA[sample]]></rde:stringValue>
                            </rde:AttributeValue>
                          </rde:values>
                        </rde:Attribute>
                        <rde:Attribute>
                          <rde:name><![CDATA[actions]]></rde:name>
                          <rde:childs>
                            <rde:Attribute>
                              <rde:name><![CDATA[showDetails]]></rde:name>
                              <rde:childs>
                                <rde:Attribute>
                                  <rde:name><![CDATA[attributes]]></rde:name>
                                  <rde:childs is-null="true" />
                                  <rde:values>
                                    <rde:AttributeValue index="0">
                                      <rde:stringValue><![CDATA[cid]]></rde:stringValue>
                                    </rde:AttributeValue>
                                    <rde:AttributeValue index="1">
                                      <rde:stringValue><![CDATA[introduction]]></rde:stringValue>
                                    </rde:AttributeValue>
                                    <rde:AttributeValue index="2">
                                      <rde:stringValue><![CDATA[text]]></rde:stringValue>
                                    </rde:AttributeValue>
                                    <rde:AttributeValue index="3">
                                      <rde:stringValue><![CDATA[title]]></rde:stringValue>
                                    </rde:AttributeValue>
                                  </rde:values>
                                </rde:Attribute>
                                <rde:Attribute>
                                  <rde:name><![CDATA[forwards]]></rde:name>
                                  <rde:childs>
                                    <rde:Attribute>
                                      <rde:name><![CDATA[ok]]></rde:name>
                                      <rde:childs>
                                        <rde:Attribute>
                                          <rde:name><![CDATA[type]]></rde:name>
                                          <rde:childs is-null="true" />
                                          <rde:values>
                                            <rde:AttributeValue index="0">
                                              <rde:stringValue><![CDATA[1]]></rde:stringValue>
                                              <rde:longValue>1</rde:longValue>
                                            </rde:AttributeValue>
                                          </rde:values>
                                        </rde:Attribute>
                                        <rde:Attribute>
                                          <rde:name><![CDATA[view]]></rde:name>
                                          <rde:childs is-null="true" />
                                          <rde:values>
                                            <rde:AttributeValue index="0">
                                              <rde:stringValue><![CDATA[html/CONTROLLERNAME.html]]></rde:stringValue>
                                            </rde:AttributeValue>
                                          </rde:values>
                                        </rde:Attribute>
                                        <rde:Attribute>
                                          <rde:name><![CDATA[template]]></rde:name>
                                          <rde:childs is-null="true" />
                                          <rde:values>
                                            <rde:AttributeValue index="0">
                                              <rde:stringValue><![CDATA[xsl/hs.xsl]]></rde:stringValue>
                                            </rde:AttributeValue>
                                          </rde:values>
                                        </rde:Attribute>
                                      </rde:childs>
                                    </rde:Attribute>
                                  </rde:childs>
                                </rde:Attribute>
                                <rde:Attribute>
                                  <rde:name><![CDATA[packageName]]></rde:name>
                                  <rde:childs is-null="true" />
                                  <rde:values>
                                    <rde:AttributeValue index="0">
                                      <rde:stringValue><![CDATA[content.types]]></rde:stringValue>
                                    </rde:AttributeValue>
                                  </rde:values>
                                </rde:Attribute>
                                <rde:Attribute>
                                  <rde:name><![CDATA[group]]></rde:name>
                                  <rde:childs is-null="true" />
                                  <rde:values>
                                    <rde:AttributeValue index="0">
                                      <rde:stringValue><![CDATA[wbfMembers]]></rde:stringValue>
                                    </rde:AttributeValue>
                                  </rde:values>
                                </rde:Attribute>
                              </rde:childs>
                              <rde:values>
                                <rde:AttributeValue index="0">
                                  <rde:stringValue><![CDATA[ShowDetails]]></rde:stringValue>
                                </rde:AttributeValue>
                              </rde:values>
                            </rde:Attribute>
                            <rde:Attribute>
                              <rde:name><![CDATA[showList]]></rde:name>
                              <rde:childs>
                                <rde:Attribute>
                                  <rde:name><![CDATA[forwards]]></rde:name>
                                  <rde:childs>
                                    <rde:Attribute>
                                      <rde:name><![CDATA[ok]]></rde:name>
                                      <rde:childs>
                                        <rde:Attribute>
                                          <rde:name><![CDATA[type]]></rde:name>
                                          <rde:childs is-null="true" />
                                          <rde:values>
                                            <rde:AttributeValue index="0">
                                              <rde:stringValue><![CDATA[1]]></rde:stringValue>
                                              <rde:longValue>1</rde:longValue>
                                            </rde:AttributeValue>
                                          </rde:values>
                                        </rde:Attribute>
                                        <rde:Attribute>
                                          <rde:name><![CDATA[view]]></rde:name>
                                          <rde:childs is-null="true" />
                                          <rde:values>
                                            <rde:AttributeValue index="0">
                                              <rde:stringValue><![CDATA[html/CONTROLLERNAME.html]]></rde:stringValue>
                                            </rde:AttributeValue>
                                          </rde:values>
                                        </rde:Attribute>
                                        <rde:Attribute>
                                          <rde:name><![CDATA[template]]></rde:name>
                                          <rde:childs is-null="true" />
                                          <rde:values>
                                            <rde:AttributeValue index="0">
                                              <rde:stringValue><![CDATA[xsl/hs.xsl]]></rde:stringValue>
                                            </rde:AttributeValue>
                                          </rde:values>
                                        </rde:Attribute>
                                      </rde:childs>
                                    </rde:Attribute>
                                  </rde:childs>
                                </rde:Attribute>
                                <rde:Attribute>
                                  <rde:name><![CDATA[packageName]]></rde:name>
                                  <rde:childs is-null="true" />
                                  <rde:values>
                                    <rde:AttributeValue index="0">
                                      <rde:stringValue><![CDATA[content.types]]></rde:stringValue>
                                    </rde:AttributeValue>
                                  </rde:values>
                                </rde:Attribute>
                                <rde:Attribute>
                                  <rde:name><![CDATA[group]]></rde:name>
                                  <rde:childs is-null="true" />
                                  <rde:values>
                                    <rde:AttributeValue index="0">
                                      <rde:stringValue><![CDATA[wbfMembers]]></rde:stringValue>
                                    </rde:AttributeValue>
                                  </rde:values>
                                </rde:Attribute>
                                <rde:Attribute>
                                  <rde:name><![CDATA[attributes]]></rde:name>
                                  <rde:childs is-null="true" />
                                  <rde:values>
                                    <rde:AttributeValue index="0">
                                      <rde:stringValue><![CDATA[cid]]></rde:stringValue>
                                    </rde:AttributeValue>
                                  </rde:values>
                                </rde:Attribute>
                              </rde:childs>
                              <rde:values>
                                <rde:AttributeValue index="0">
                                  <rde:stringValue><![CDATA[ShowList]]></rde:stringValue>
                                </rde:AttributeValue>
                              </rde:values>
                            </rde:Attribute>
                            <rde:Attribute>
                              <rde:name><![CDATA[new]]></rde:name>
                              <rde:childs>
                                <rde:Attribute>
                                  <rde:name><![CDATA[forwards]]></rde:name>
                                  <rde:childs>
                                    <rde:Attribute>
                                      <rde:name><![CDATA[ok]]></rde:name>
                                      <rde:childs>
                                        <rde:Attribute>
                                          <rde:name><![CDATA[type]]></rde:name>
                                          <rde:childs is-null="true" />
                                          <rde:values>
                                            <rde:AttributeValue index="0">
                                              <rde:stringValue><![CDATA[1]]></rde:stringValue>
                                              <rde:longValue>1</rde:longValue>
                                            </rde:AttributeValue>
                                          </rde:values>
                                        </rde:Attribute>
                                        <rde:Attribute>
                                          <rde:name><![CDATA[view]]></rde:name>
                                          <rde:childs is-null="true" />
                                          <rde:values>
                                            <rde:AttributeValue index="0">
                                              <rde:stringValue><![CDATA[html/CONTROLLERNAME.html]]></rde:stringValue>
                                            </rde:AttributeValue>
                                          </rde:values>
                                        </rde:Attribute>
                                        <rde:Attribute>
                                          <rde:name><![CDATA[template]]></rde:name>
                                          <rde:childs is-null="true" />
                                          <rde:values>
                                            <rde:AttributeValue index="0">
                                              <rde:stringValue><![CDATA[xsl/hs.xsl]]></rde:stringValue>
                                            </rde:AttributeValue>
                                          </rde:values>
                                        </rde:Attribute>
                                        <rde:Attribute>
                                          <rde:name><![CDATA[action]]></rde:name>
                                          <rde:childs is-null="true" />
                                        </rde:Attribute>
                                      </rde:childs>
                                    </rde:Attribute>
                                  </rde:childs>
                                </rde:Attribute>
                                <rde:Attribute>
                                  <rde:name><![CDATA[packageName]]></rde:name>
                                  <rde:childs is-null="true" />
                                  <rde:values>
                                    <rde:AttributeValue index="0">
                                      <rde:stringValue><![CDATA[content.types]]></rde:stringValue>
                                    </rde:AttributeValue>
                                  </rde:values>
                                </rde:Attribute>
                                <rde:Attribute>
                                  <rde:name><![CDATA[group]]></rde:name>
                                  <rde:childs is-null="true" />
                                  <rde:values>
                                    <rde:AttributeValue index="0">
                                      <rde:stringValue><![CDATA[wbfMembers]]></rde:stringValue>
                                    </rde:AttributeValue>
                                  </rde:values>
                                </rde:Attribute>
                                <rde:Attribute>
                                  <rde:name><![CDATA[attributes]]></rde:name>
                                  <rde:childs is-null="true" />
                                  <rde:values>
                                    <rde:AttributeValue index="0">
                                      <rde:stringValue><![CDATA[introduction]]></rde:stringValue>
                                    </rde:AttributeValue>
                                    <rde:AttributeValue index="1">
                                      <rde:stringValue><![CDATA[text]]></rde:stringValue>
                                    </rde:AttributeValue>
                                    <rde:AttributeValue index="2">
                                      <rde:stringValue><![CDATA[title]]></rde:stringValue>
                                    </rde:AttributeValue>
                                  </rde:values>
                                </rde:Attribute>
                              </rde:childs>
                              <rde:values>
                                <rde:AttributeValue index="0">
                                  <rde:stringValue><![CDATA[New]]></rde:stringValue>
                                </rde:AttributeValue>
                              </rde:values>
                            </rde:Attribute>
                            <rde:Attribute>
                              <rde:name><![CDATA[update]]></rde:name>
                              <rde:childs>
                                <rde:Attribute>
                                  <rde:name><![CDATA[attributes]]></rde:name>
                                  <rde:childs is-null="true" />
                                  <rde:values>
                                    <rde:AttributeValue index="0">
                                      <rde:stringValue><![CDATA[cid]]></rde:stringValue>
                                    </rde:AttributeValue>
                                    <rde:AttributeValue index="1">
                                      <rde:stringValue><![CDATA[introduction]]></rde:stringValue>
                                    </rde:AttributeValue>
                                    <rde:AttributeValue index="2">
                                      <rde:stringValue><![CDATA[text]]></rde:stringValue>
                                    </rde:AttributeValue>
                                    <rde:AttributeValue index="3">
                                      <rde:stringValue><![CDATA[title]]></rde:stringValue>
                                    </rde:AttributeValue>
                                  </rde:values>
                                </rde:Attribute>
                                <rde:Attribute>
                                  <rde:name><![CDATA[forwards]]></rde:name>
                                  <rde:childs>
                                    <rde:Attribute>
                                      <rde:name><![CDATA[nok]]></rde:name>
                                      <rde:childs>
                                        <rde:Attribute>
                                          <rde:name><![CDATA[type]]></rde:name>
                                          <rde:childs is-null="true" />
                                          <rde:values>
                                            <rde:AttributeValue index="0">
                                              <rde:stringValue><![CDATA[5]]></rde:stringValue>
                                              <rde:longValue>5</rde:longValue>
                                            </rde:AttributeValue>
                                          </rde:values>
                                        </rde:Attribute>
                                        <rde:Attribute>
                                          <rde:name><![CDATA[action]]></rde:name>
                                          <rde:childs is-null="true" />
                                          <rde:values>
                                            <rde:AttributeValue index="0">
                                              <rde:stringValue><![CDATA[EditCONTROLLERNAME]]></rde:stringValue>
                                            </rde:AttributeValue>
                                          </rde:values>
                                        </rde:Attribute>
                                      </rde:childs>
                                    </rde:Attribute>
                                    <rde:Attribute>
                                      <rde:name><![CDATA[ok]]></rde:name>
                                      <rde:childs>
                                        <rde:Attribute>
                                          <rde:name><![CDATA[type]]></rde:name>
                                          <rde:childs is-null="true" />
                                          <rde:values>
                                            <rde:AttributeValue index="0">
                                              <rde:stringValue><![CDATA[5]]></rde:stringValue>
                                              <rde:longValue>5</rde:longValue>
                                            </rde:AttributeValue>
                                          </rde:values>
                                        </rde:Attribute>
                                        <rde:Attribute>
                                          <rde:name><![CDATA[action]]></rde:name>
                                          <rde:childs is-null="true" />
                                          <rde:values>
                                            <rde:AttributeValue index="0">
                                              <rde:stringValue><![CDATA[ShowDetailsCONTROLLERNAME]]></rde:stringValue>
                                            </rde:AttributeValue>
                                          </rde:values>
                                        </rde:Attribute>
                                      </rde:childs>
                                    </rde:Attribute>
                                  </rde:childs>
                                </rde:Attribute>
                                <rde:Attribute>
                                  <rde:name><![CDATA[packageName]]></rde:name>
                                  <rde:childs is-null="true" />
                                  <rde:values>
                                    <rde:AttributeValue index="0">
                                      <rde:stringValue><![CDATA[content.types]]></rde:stringValue>
                                    </rde:AttributeValue>
                                  </rde:values>
                                </rde:Attribute>
                                <rde:Attribute>
                                  <rde:name><![CDATA[group]]></rde:name>
                                  <rde:childs is-null="true" />
                                  <rde:values>
                                    <rde:AttributeValue index="0">
                                      <rde:stringValue><![CDATA[wbfMembers]]></rde:stringValue>
                                    </rde:AttributeValue>
                                  </rde:values>
                                </rde:Attribute>
                              </rde:childs>
                              <rde:values>
                                <rde:AttributeValue index="0">
                                  <rde:stringValue><![CDATA[Update]]></rde:stringValue>
                                </rde:AttributeValue>
                              </rde:values>
                            </rde:Attribute>
                          </rde:childs>
                        </rde:Attribute>
                      </rde:childs>
                    </rde:Attribute>
                  </rde:childs>
                </rde:Attribute>
              </rde:entry>
            </rde:attributes>
          </rde:FAttrOwner>
        </rde:entry>
      </rde:fattr>
      <rde:contentGroup>
        <rde:ContentGroup>
          <rde:path><![CDATA[gen-templates/crud-content/instances/news]]></rde:path>
          <rde:description><![CDATA[News Instance]]></rde:description>
          <rde:type>-1</rde:type>
        </rde:ContentGroup>
      </rde:contentGroup>
      <rde:locvalues>
        <rde:ContentLocalizedValueSet>
          <rde:localeString><![CDATA[en]]></rde:localeString>
        </rde:ContentLocalizedValueSet>
      </rde:locvalues>
    </rde:StandardContent>
  </rde-xmaps:final>
</rde-xmaps:content>