<?xml version="1.0" encoding="UTF-8"?>
<resources>

  <!-- general text -->
  <headline><![CDATA[Web-Module Settings]]></headline>
  <description><![CDATA[Shows the current values of the Web-Module settings. Be careful if you make changes as it can disturb the framework logik in general.]]></description>

  <!-- labels -->
  <labelWebModuleParameterName><![CDATA[Web Module Parameter Name]]></labelWebModuleParameterName>
  <labelApplicationParameterName><![CDATA[Application Parameter Name]]></labelApplicationParameterName>
  <labelProjectParameterName><![CDATA[Project Parameter Name]]></labelProjectParameterName>
  <labelActionParameterName><![CDATA[Action Parameter Name]]></labelActionParameterName>
  <labelRefererPageParameterName><![CDATA[Referer Page Parameter Name]]></labelRefererPageParameterName>
  <labelDefaultWebModule><![CDATA[Default Web Module]]></labelDefaultWebModule>
  <labelDefaultApplication><![CDATA[Default Application]]></labelDefaultApplication>
  <labelDefaultProject><![CDATA[Default Project]]></labelDefaultProject>
  <labelDebugMode><![CDATA[Debug Mode]]></labelDebugMode>
  <labelWbfDefaultWeblet><![CDATA[WBF-Weblet is Default]]></labelWbfDefaultWeblet>

  <!-- info text -->
  <infoTextWebModuleParameterName><![CDATA[Insert a short name for the parameter, which provides the web module name.]]></infoTextWebModuleParameterName>
  <infoTextApplicationParameterName><![CDATA[Insert a short name for the parameter, which provides the application name.]]></infoTextApplicationParameterName>
  <infoTextProjectParameterName><![CDATA[Insert a short name for the parameter, which provides the project name.]]></infoTextProjectParameterName>
  <infoTextActionParameterName><![CDATA[Insert a short name for the parameter, which provides the action name.]]></infoTextActionParameterName>
  <infoTextRefererPageParameterName><![CDATA[Insert a short name for the parameter, which provides the referer page name.]]></infoTextRefererPageParameterName>
  <infoTextDefaultWebModule><![CDATA[Insert the name of the default web module if nothing could be found in the request.]]></infoTextDefaultWebModule>
  <infoTextDefaultApplication><![CDATA[Insert the name of the default application if nothing could be found in the request.]]></infoTextDefaultApplication>
  <infoTextDefaultProject><![CDATA[Insert the name of the default project if nothing could be found in the request.]]></infoTextDefaultProject>
  <infoTextDebugMode><![CDATA[Type in 'on' or 'off' to activate or deactive the debugger.]]></infoTextDebugMode>
  <infoTextWbfDefaultWeblet><![CDATA[Type in 'on' or 'off' to define whether wbf is set as default weblet in Delivery Server or not.]]></infoTextWbfDefaultWeblet>

  <!-- messages -->
  <messages>
    <message code="4" field="webModuleParameterName"><![CDATA[Mandatory field]]></message>
    <message code="4" field="applicationParameterName"><![CDATA[Mandatory field]]></message>
    <message code="4" field="projectParameterName"><![CDATA[Mandatory field]]></message>
    <message code="4" field="actionParameterName"><![CDATA[Mandatory field]]></message>
    <message code="4" field="refererPageParameterName"><![CDATA[Mandatory field]]></message>
    <message code="4" field="defaultWebModule"><![CDATA[Mandatory field]]></message>
    <message code="4" field="defaultProject"><![CDATA[Mandatory field]]></message>
    <message code="4" field="defaultApplication"><![CDATA[Mandatory field]]></message>
    <message code="4" field="debugMode"><![CDATA[Mandatory field]]></message>
    <message code="4" field="wbfDefaultWeblet"><![CDATA[Mandatory field]]></message>
  </messages>

  <msgSuccess><![CDATA[Changes have been successfully saved.]]></msgSuccess>
  <msgFailed><![CDATA[Changes could not be saved. Please check your input.]]></msgFailed>

  <!-- buttons -->
  <btnSave><![CDATA[Save changes]]></btnSave>

</resources>