<?xml version="1.0" encoding="UTF-8"?>
<resources>
  <headlineSuccess><![CDATA[Info]]></headlineSuccess>
  <headlineWarning><![CDATA[Warning]]></headlineWarning>
  <headlineError><![CDATA[Error]]></headlineError>
  <messages>
    <message key="registration.succeeded">Registration was successful. You will get a confirmation email to activate your account.</message>
    <message key="action.set_to_default"><![CDATA[The requested action could not be executed. May be you are not authorized or the action could not be found.]]></message>
  </messages>
</resources>