<?xml version="1.0" encoding="UTF-8"?>
<resources>

  <!-- general text -->
  <headline><![CDATA[Create your own account.]]></headline>
  <description><![CDATA[Fill out the following form to create your own profile.]]></description>

  <!-- labels -->
  <labelLogin><![CDATA[Username]]></labelLogin>
  <labelEmail><![CDATA[Email]]></labelEmail>
  <labelFirstName><![CDATA[Firstname]]></labelFirstName>
  <labelLastName><![CDATA[Lastname]]></labelLastName>
  <labelPassword><![CDATA[Password]]></labelPassword>
  <labelPassword2><![CDATA[Password (repeated)]]></labelPassword2>
  <labelTimezone><![CDATA[Timezone]]></labelTimezone>

  <!-- info text -->
  <infoTextLogin><![CDATA[Please type in your individual username.]]></infoTextLogin>
  <infoTextEmail><![CDATA[Type in your email address, which we will use for notifications.]]></infoTextEmail>
  <infoTextFirstName><![CDATA[Type in your first name for personal greetings.]]></infoTextFirstName>
  <infoTextLastName><![CDATA[Type in your last name for personal greetings.]]></infoTextLastName>
  <infoTextPassword><![CDATA[Type in a secure password. It should consist of lower and uppercase characters, numbers and other special characters.]]></infoTextPassword>
  <infoTextPassword2><![CDATA[For security reason type in your password again.]]></infoTextPassword2>
  <infoTextTimezones><![CDATA[Please select the timezone of your home.]]></infoTextTimezones>

  <!-- messages -->
  <messages>
    <message field="login" code="2"><![CDATA[Length must be between 5 and 10 digits.]]></message>
    <message field="login" code="3"><![CDATA[Length must be between 5 and 10 digits.]]></message>
    <message field="login" code="4"><![CDATA[Username is required.]]></message>
    <message field="login" code="10"><![CDATA[This login is already in use.]]></message>
    <message field="email" code="1"><![CDATA[Not a valid Email-Address.]]></message>
    <message field="email" code="4"><![CDATA[Email address is required.]]></message>
    <message field="firstName" code="2"><![CDATA[Length must be between 2 and 30 digits.]]></message>
    <message field="firstName" code="3"><![CDATA[Length must be between 2 and 30 digits.]]></message>
    <message field="firstName" code="4"><![CDATA[First name is required.]]></message>
    <message field="lastName" code="2"><![CDATA[Length must be between 2 and 30 digits.]]></message>
    <message field="lastName" code="3"><![CDATA[Length must be between 2 and 30 digits.]]></message>
    <message field="lastName" code="4"><![CDATA[Last name is required.]]></message>
    <message field="password" code="2"><![CDATA[Length must be between 2 and 20 digits.]]></message>
    <message field="password" code="3"><![CDATA[Length must be between 2 and 20 digits.]]></message>
    <message field="password" code="4"><![CDATA[Password is required.]]></message>
    <message field="password2" code="2"><![CDATA[Length must be between 2 and 20 digits.]]></message>
    <message field="password2" code="3"><![CDATA[Length must be between 2 and 20 digits.]]></message>
    <message field="password2" code="4"><![CDATA[Repeated password is required.]]></message>
    <message field="password2" code="10"><![CDATA[The two passwords are not identical.]]></message>
  </messages>
  <msgSuccess><![CDATA[Your Profile has been successfully created. You will receive a confirmation email within next minutes.]]></msgSuccess>
  <msgFailed><![CDATA[Your profile could not be created. Please check your input.]]></msgFailed>

  <!-- buttons -->
  <btnSave><![CDATA[Create Profile]]></btnSave>

</resources>