<controller>

  <rde-dm:attribute mode="condition">
    <rde-dm:constraint>session:currentAction eq "ShowRegistration"</rde-dm:constraint>
    <rde-dm:include content="modules/modRegister/actions/show.xml" stylesheet="modules/modRegister/templates/show.xsl"/>
  </rde-dm:attribute>

  <rde-dm:attribute mode="condition">
    <rde-dm:constraint>session:currentAction eq "EditRegistration"</rde-dm:constraint>
    <rde-dm:include content="modules/modRegister/actions/edit.xml" stylesheet="modules/modRegister/templates/edit.xsl"/>
  </rde-dm:attribute>

</controller>