<showNav>

  <!-- get resources -->
  <rde-dm:include content="modules/modCategory/resources/resources.xml" locale="[#user:rde.locale#[#session:rdeCurrentLocale#en#]#]"/>

  <!-- set default constraint, if empty -->
  <rde-dm:attribute mode="condition" attribute="session:transient.stm.community.CreateFilter.constraint" op="eq" value="">
    <rde-dm:attribute mode="write" attribute="session:community.selCategory" value="all"/>
  </rde-dm:attribute>

  <!-- get current selected category key -->
  <rde-dm:attribute mode="read" attribute="session:community.selCategory" default="all" tag="currentCategory"/>

  <!-- get all categories -->
  <rde-dm:target project="wbfcommunity" group="content/categories" locale="[#user:rde.locale#[#session:rdeCurrentLocale#en#]#]" locale-policy="none" tag="categoryList" item-tag="category" report-tag="report">
    <rde-dm:constraint>content.final eq "true"</rde-dm:constraint>
  </rde-dm:target>

</showNav>