<?xml version="1.0" encoding="UTF-8"?>

<rde:TagAssignment model-version="4.0" version="4.0.1" xmlns:rde="http://www.reddot.de/rde/ns" xmlns:rde-dm="http://www.reddot.de/rde/ns/dm" xmlns:rde-fdl="http://www.reddot.de/rde/ns/fdl" xmlns:rde-idea="http://www.reddot.de/rde/ns/idea" xmlns:rde-rd="http://www.reddot.de/2000/rde/rd" xmlns:rde-xmaps="http://www.reddot.de/rde/ns/xmaps" xmlns:xsl="http://www.w3.org/1999/XSL/Transform" xmlns:xsl-template="http://www.reddot.de/rde/ns/template">
  <rde:taggingConfiguration><![CDATA[NewsTags]]></rde:taggingConfiguration>
  <rde:taggingConfigurationProject><![CDATA[wbfcommunity]]></rde:taggingConfigurationProject>
  <rde:assigningUser><![CDATA[bernie]]></rde:assigningUser>
  <rde:assignmentTime>1358444046796</rde:assignmentTime>
  <rde:weight>1</rde:weight>
  <rde:tag>
    <rde:Tag>
      <rde:name><![CDATA[aaaa]]></rde:name>
      <rde:project><![CDATA[wbfcommunity]]></rde:project>
      <rde:id>112</rde:id>
      <rde:type>1</rde:type>
      <rde:lastChange>1358444046791</rde:lastChange>
      <rde:author><![CDATA[bernie]]></rde:author>
      <rde:indexedRubric1><![CDATA[de]]></rde:indexedRubric1>
      <rde:weight>1</rde:weight>
      <rde:rubrics>
        <rde:Tag>
          <rde:name><![CDATA[de]]></rde:name>
          <rde:project><![CDATA[wbfcommunity]]></rde:project>
          <rde:id>100</rde:id>
          <rde:type>1</rde:type>
          <rde:lastChange>1358378320119</rde:lastChange>
          <rde:author><![CDATA[anonymous]]></rde:author>
          <rde:isIndexedRubric>1</rde:isIndexedRubric>
        </rde:Tag>
      </rde:rubrics>
    </rde:Tag>
  </rde:tag>
  <rde:tagTarget>
    <rde:TagTarget>
      <rde:type><![CDATA[CONTENT]]></rde:type>
      <rde:project><![CDATA[wbfcommunity]]></rde:project>
      <rde:owner><![CDATA[content/news/news1.xml]]></rde:owner>
      <rde:guid><![CDATA[#null]]></rde:guid>
      <rde:variant><![CDATA[de]]></rde:variant>
    </rde:TagTarget>
  </rde:tagTarget>
</rde:TagAssignment>