<?xml version="1.0" encoding="UTF-8"?>
<resources>

  <!-- general text -->
  <headline><![CDATA[Change your profile.]]></headline>
  <description><![CDATA[Make your profile changes in the following form.]]></description>

  <!-- labels -->
  <labelEmail><![CDATA[Email]]></labelEmail>
  <labelFirstName><![CDATA[Firstname]]></labelFirstName>
  <labelLastName><![CDATA[Lastname]]></labelLastName>
  <labelPassword><![CDATA[Password]]></labelPassword>
  <labelPassword2><![CDATA[Password (repeated)]]></labelPassword2>
  <labelTimezone><![CDATA[Timezone]]></labelTimezone>
  <labelLanguage><![CDATA[Language]]></labelLanguage>

  <!-- supported languages -->
  <languages>
    <language>
      <name>German</name>
      <value>de</value>
    </language>
    <language>
      <name>English</name>
      <value>en</value>
    </language>
  </languages>

  <!-- info text -->
  <infoTextEmail><![CDATA[Type in your email address, which we will use for notifications.]]></infoTextEmail>
  <infoTextFirstName><![CDATA[Type in your first name for personal greetings.]]></infoTextFirstName>
  <infoTextLastName><![CDATA[Type in your last name for personal greetings.]]></infoTextLastName>
  <infoTextPassword><![CDATA[Type in a secure password. It should consist of lower and uppercase characters, numbers and other special characters.]]></infoTextPassword>
  <infoTextPassword2><![CDATA[For security reason type in your password again.]]></infoTextPassword2>
  <infoTextLanguages><![CDATA[Please select your language for the user interface.]]></infoTextLanguages>
  <infoTextTimezones><![CDATA[Please select the timezone of your home.]]></infoTextTimezones>

  <!-- messages -->
  <messages>
    <message field="email" code="1"><![CDATA[Not a valid Email-Address.]]></message>
    <message field="email" code="4"><![CDATA[An email address is required.]]></message>
    <message field="firstName" code="2"><![CDATA[Length must be between 2 and 30 digits.]]></message>
    <message field="firstName" code="3"><![CDATA[Length must be between 2 and 30 digits.]]></message>
    <message field="firstName" code="4"><![CDATA[First name is a mandatory field.]]></message>
    <message field="lastName" code="2"><![CDATA[Length must be between 2 and 30 digits.]]></message>
    <message field="lastName" code="3"><![CDATA[Length must be between 2 and 30 digits.]]></message>
    <message field="lastName" code="4"><![CDATA[Last name is a mandatory field.]]></message>
    <message field="password" code="2"><![CDATA[Length must be between 2 and 20 digits.]]></message>
    <message field="password" code="3"><![CDATA[Length must be between 2 and 20 digits.]]></message>
    <message field="password2" code="2"><![CDATA[Length must be between 2 and 20 digits.]]></message>
    <message field="password2" code="3"><![CDATA[Length must be between 2 and 20 digits.]]></message>
    <message field="password2" code="10"><![CDATA[The two passwords are not identical.]]></message>
  </messages>
  <msgSuccess><![CDATA[Your Profile has been successfully changed.]]></msgSuccess>
  <msgFailed><![CDATA[Your profile could not be changed. Please check your input.]]></msgFailed>

  <!-- buttons -->
  <btnSave><![CDATA[Save Changes]]></btnSave>

</resources>