<?xml version="1.0" encoding="UTF-8"?>

<rde:Version model-version="4.0" version="4.0.1" xmlns:rde="http://www.reddot.de/rde/ns" xmlns:rde-dm="http://www.reddot.de/rde/ns/dm" xmlns:rde-fdl="http://www.reddot.de/rde/ns/fdl" xmlns:rde-idea="http://www.reddot.de/rde/ns/idea" xmlns:rde-rd="http://www.reddot.de/2000/rde/rd" xmlns:rde-xmaps="http://www.reddot.de/rde/ns/xmaps" xmlns:xsl="http://www.w3.org/1999/XSL/Transform" xmlns:xsl-template="http://www.reddot.de/rde/ns/template">
  <rde:changeSet>
    <rde:ChangeSet>
      <rde:id>1200</rde:id>
      <rde:creationDate>1358374763138</rde:creationDate>
      <rde:creator><![CDATA[bernfried]]></rde:creator>
      <rde:comment><![CDATA[[#vcManChangeRelease#]             ]]></rde:comment>
    </rde:ChangeSet>
  </rde:changeSet>
  <rde:urn>
    <rde:UniqueUrn>
      <rde:urn><![CDATA[urn:reddot:content:wbfadmin%3afinal%3aWebApplicationSettings]]></rde:urn>
    </rde:UniqueUrn>
  </rde:urn>
  <rde:partDiffs>
    <rde:PartDiff>
      <rde:partId>1</rde:partId>
      <rde:reference><![CDATA[/1200-WebApplicationSettings1]]></rde:reference>
    </rde:PartDiff>
  </rde:partDiffs>
</rde:Version>