<?xml version="1.0" encoding="UTF-8"?>
<showList>

  <!-- read resources -->
  <rde-dm:include content="modules/modNews/resources/resources.xml" locale="[#user:rde.locale#[#session:rdeCurrentLocale#en#]#]"/>

  <!-- get currently selected tags -->
  <rde-dm:attribute mode="read" attribute="session:community.selTags" tag="currentTags"/>

  <!-- set default constraint, if empty -->
  <rde-dm:attribute mode="condition" attribute="session:transient.stm.community.CreateFilter.constraint" op="eq" value="">
    <rde-dm:attribute mode="write" attribute="session:transient.stm.community.CreateFilter.constraint" value="content.category eq 'all'"/>
    <rde-dm:attribute mode="write" attribute="session:community.selCategory" value="all"/>
    <rde-dm:attribute mode="write" attribute="session:community.selTags" value=""/>
    <rde-dm:attribute mode="write" attribute="session:community.selFilterCategories" value=""/>
  </rde-dm:attribute>

  <!-- read news list -->
  <rde-dm:target project="wbfcommunity" locale="[#user:rde.locale#[#session:rdeCurrentLocale#en#]#]" locale-policy="none" tag="newsList" item-tag="news" report-tag="report">
    <rde-dm:constraint><rde-dm:attribute mode="read" attribute="session:transient.stm.community.CreateFilter.constraint" tag="notag"/></rde-dm:constraint>
  </rde-dm:target>

  <!-- get all contents which have the selected tags assigned -->
  <rde-dm:attribute mode="read" attribute="session:community.selTagsAndOrFlag" tag="currentTagsAndOrFlag"/>
  <rde-dm:attribute mode="write" attribute="request:community.selTagsMultiValue" value="[#session:community.selTagsSemiSep#]" value-separator=";"/>
  <rde-dm:attribute mode="condition" attribute="request:community.selTagsMultiValue" op="ne" value="" tag="tagObjects">

    <rde-dm:tagging configuration-project="wbfcommunity" mode="getTargets" tagging-configuration="NewsTags" report-tag="report">

      <rde-dm:attribute mode="condition" attribute="session:community.selTagsAndOrFlag" op="eq" value="and" tag="notag">
        <rde-dm:if>
          <rde-dm:attribute mode="for-each" attribute="request:community.selTagsMultiValue" type="multivalue" alias="item" tag="notag">
            <rde-rd:tag-name><rde-dm:attribute mode="read" attribute="context:item" tag="notag"/></rde-rd:tag-name>
          </rde-dm:attribute>
        </rde-dm:if>
        <rde-dm:else>
          <rde-rd:tag-name>*</rde-rd:tag-name>
        </rde-dm:else>
      </rde-dm:attribute>

      <rde-dm:attribute mode="condition" attribute="session:community.selTagsAndOrFlag" op="ne" value="and" tag="notag">
        <rde-rd:assignment-filter>
          <rde-rd:tag-filter> 
            <rde-rd:tags> 
              <rde-dm:attribute mode="for-each" attribute="request:community.selTagsMultiValue" type="multivalue" alias="item" tag="notag">
                <rde-rd:tag-name><rde-dm:attribute mode="read" attribute="context:item" tag="notag"/></rde-rd:tag-name>
              </rde-dm:attribute>
            </rde-rd:tags> 
          </rde-rd:tag-filter>
        </rde-rd:assignment-filter>
      </rde-dm:attribute>
    
    </rde-dm:tagging>

  </rde-dm:attribute>

</showList>