<?xml version="1.0" encoding="UTF-8"?>
<resources>

  <!-- general text -->
  <headline><![CDATA[Web-Modul Einstellungen bearbeiten]]></headline>
  <description><![CDATA[Im nachfolgenden Formular kannst Du die Einstellungen des Web-Modules ändern.]]></description>

  <!-- labels -->
  <labelWebModuleParameterName><![CDATA[Web-Module Parameter Name]]></labelWebModuleParameterName>
  <labelApplicationParameterName><![CDATA[Applikations-Parameter Name]]></labelApplicationParameterName>
  <labelProjectParameterName><![CDATA[Projekt Parameter Name]]></labelProjectParameterName>
  <labelActionParameterName><![CDATA[Aktions-Parameter Name]]></labelActionParameterName>
  <labelRefererPageParameterName><![CDATA[Weiterleitungsseite Parameter Name]]></labelRefererPageParameterName>
  <labelDefaultWebModule><![CDATA[Standard Web-Modul]]></labelDefaultWebModule>
  <labelDefaultApplication><![CDATA[Standard Applikation]]></labelDefaultApplication>
  <labelDefaultProject><![CDATA[Standard Projekt]]></labelDefaultProject>
  <labelDebugMode><![CDATA[Debug Mode]]></labelDebugMode>
  <labelWbfDefaultWeblet><![CDATA[wbf-Weblet ist Standard]]></labelWbfDefaultWeblet>

  <!-- info text -->
  <infoTextWebModuleParameterName><![CDATA[Geben Sie einen kurzen Bezeichner für den Parameter, der den Web-Module Namen enthält, ein.]]></infoTextWebModuleParameterName>
  <infoTextApplicationParameterName><![CDATA[Geben Sie einen kurzen Bezeichner für den Parameter, der den Applikations-Namen enthält, ein.]]></infoTextApplicationParameterName>
  <infoTextProjectParameterName><![CDATA[Geben Sie einen kurzen Bezeichner für den Parameter, der den Projekt Namen enthält, ein.]]></infoTextProjectParameterName>
  <infoTextActionParameterName><![CDATA[Geben Sie einen kurzen Bezeichner für den Parameter, der den Namen der auszuführenden Aktion enthält, ein.]]></infoTextActionParameterName>
  <infoTextRefererPageParameterName><![CDATA[Geben Sie einen kurzen Bezeichner für den Parameter, der den Namen der Weiterleitungsseite enthält, ein.]]></infoTextRefererPageParameterName>
  <infoTextDefaultWebModule><![CDATA[Geben Sie den Namen des Standard Web-Moduls ein, welches ausgeführt wird, wenn im Request kein Web-Modul-Name gefunden wurde.]]></infoTextDefaultWebModule>
  <infoTextDefaultApplication><![CDATA[Geben Sie den Namen der Standard Applikation ein, welche ausgeführt wird, wenn im Request kein Applikationsname gefunden wurde.]]></infoTextDefaultApplication>
  <infoTextDefaultProject><![CDATA[Geben Sie den Namen des Standard Projekts ein, welches benutzt wird, wenn im Request kein Projektname gefunden wurde.]]></infoTextDefaultProject>
  <infoTextDebugMode><![CDATA[Geben Sie mit 'on' oder 'off' an, ob der Debugger aktiv sein soll.]]></infoTextDebugMode>
  <infoTextWbfDefaultWeblet><![CDATA[Geben Sie mit 'on' oder 'off' an, ob wbf das Standard Weblet im Delivery Server ist.]]></infoTextWbfDefaultWeblet>

  <!-- messages -->
  <messages>
    <message code="4" field="webModuleParameterName"><![CDATA[Pflichtfeld]]></message>
    <message code="4" field="applicationParameterName"><![CDATA[Pflichtfeld]]></message>
    <message code="4" field="projectParameterName"><![CDATA[Pflichtfeld]]></message>
    <message code="4" field="actionParameterName"><![CDATA[Pflichtfeld]]></message>
    <message code="4" field="refererPageParameterName"><![CDATA[Pflichtfeld]]></message>
    <message code="4" field="defaultWebModule"><![CDATA[Pflichtfeld]]></message>
    <message code="4" field="defaultProject"><![CDATA[Pflichtfeld]]></message>
    <message code="4" field="defaultApplication"><![CDATA[Pflichtfeld]]></message>
    <message code="4" field="debugMode"><![CDATA[Pflichtfeld]]></message>
    <message code="4" field="wbfDefaultWeblet"><![CDATA[Mandatory field]]></message>
  </messages>

  <msgSuccess><![CDATA[Deine Änderungen wurden erfolgreich gespeichert.]]></msgSuccess>
  <msgFailed><![CDATA[Deine Änderungen konnten nicht gespeichert werden. Bitte prüfe Deine Eingaben.]]></msgFailed>

  <!-- buttons -->
  <btnSave><![CDATA[Änderungen speichern]]></btnSave>

</resources>