<addTag>

  <rde-dm:tagging configuration-project="wbfcommunity" mode="assignTags" tagging-configuration="NewsTags" report-tag="report">
    <rde-rd:targets>
      <rde-rd:target>
        <project>wbfcommunity</project>
        <type>content</type>
        <content>[#request:c#]</content>
        <variant>[#user:rde.locale#[#session:rdeCurrentLocale#en#]#]</variant>
      </rde-rd:target>
    </rde-rd:targets>
    <rde-rd:tags>
      <rde-rd:tag-name>[#request:t#]</rde-rd:tag-name>
    </rde-rd:tags>
  </rde-dm:tagging>

</addTag>