<showTags>

  <!-- include resources -->
  <rde-dm:include content="modules/modTags/resources/resources.xml" locale="[#user:rde.locale#[#session:rdeCurrentLocale#en#]#]"/>

  <!-- get currently selected tags -->
  <rde-dm:attribute mode="read" attribute="session:community.selTags" tag="currentTags"/>
  <rde-dm:attribute mode="read" attribute="session:community.selTagsAndOrFlag" tag="currentTagsAndOrFlag"/>

  <!-- get action errors -->
  <rde-dm:attribute mode="read" attribute="session:transient.stm.community.CreateFilter.last.action_errors" tag="lastErrors" op="xml"/>

  <!-- check authorization -->
  <rde-dm:attribute mode="condition">
  <rde-dm:constraint>user:rde-groups containsany "wbfMembers.wbfCommunity"</rde-dm:constraint>
    <isAuthenticated>true</isAuthenticated>
  </rde-dm:attribute>

  <!-- get consolidated list of tags -->
  <rde-dm:tagging mode="getConsolidatedData" 
                  configuration-project="wbfcommunity" 
                  tagging-configuration="NewsTags" 
                  consolidation-rule="default" 
                  sortedby="tag"
                  scaling-type="assignments-weight-sum"
                  scaling-range="10..20"
                  cachingtime="0"/>

</showTags>