<?xml version="1.0" encoding="UTF-8"?>

<rde-idea:attribute model-version="4.0" name="AttributeRulesTree-wbfcommunity" version="4.0.1" xmlns:rde="http://www.reddot.de/rde/ns" xmlns:rde-dm="http://www.reddot.de/rde/ns/dm" xmlns:rde-fdl="http://www.reddot.de/rde/ns/fdl" xmlns:rde-idea="http://www.reddot.de/rde/ns/idea" xmlns:rde-rd="http://www.reddot.de/2000/rde/rd" xmlns:rde-xmaps="http://www.reddot.de/rde/ns/xmaps" xmlns:xsl="http://www.w3.org/1999/XSL/Transform" xmlns:xsl-template="http://www.reddot.de/rde/ns/template">
  <rde:Attribute>
    <rde:name><![CDATA[AttributeRulesTree-wbfcommunity]]></rde:name>
    <rde:childs>
      <rde:Attribute>
        <rde:name><![CDATA[mapErrorCodeToClassName]]></rde:name>
        <rde:childs>
          <rde:Attribute>
            <rde:name><![CDATA[projectname]]></rde:name>
            <rde:childs is-null="true" />
            <rde:values>
              <rde:AttributeValue index="0">
                <rde:stringValue><![CDATA[wbfdata2]]></rde:stringValue>
              </rde:AttributeValue>
            </rde:values>
          </rde:Attribute>
          <rde:Attribute>
            <rde:name><![CDATA[language]]></rde:name>
            <rde:childs is-null="true" />
            <rde:values>
              <rde:AttributeValue index="0">
                <rde:stringValue><![CDATA[]]></rde:stringValue>
              </rde:AttributeValue>
            </rde:values>
          </rde:Attribute>
          <rde:Attribute>
            <rde:name><![CDATA[description]]></rde:name>
            <rde:childs is-null="true" />
            <rde:values>
              <rde:AttributeValue index="0">
                <rde:stringValue><![CDATA[]]></rde:stringValue>
              </rde:AttributeValue>
            </rde:values>
          </rde:Attribute>
          <rde:Attribute>
            <rde:name><![CDATA[trace]]></rde:name>
            <rde:childs is-null="true" />
            <rde:values>
              <rde:AttributeValue index="0">
                <rde:stringValue><![CDATA[false]]></rde:stringValue>
              </rde:AttributeValue>
            </rde:values>
          </rde:Attribute>
          <rde:Attribute>
            <rde:name><![CDATA[operations]]></rde:name>
            <rde:childs>
              <rde:Attribute>
                <rde:name><![CDATA[item-0]]></rde:name>
                <rde:childs>
                  <rde:Attribute>
                    <rde:name><![CDATA[seq-order]]></rde:name>
                    <rde:childs is-null="true" />
                    <rde:values>
                      <rde:AttributeValue index="0">
                        <rde:stringValue><![CDATA[0]]></rde:stringValue>
                      </rde:AttributeValue>
                    </rde:values>
                  </rde:Attribute>
                  <rde:Attribute>
                    <rde:name><![CDATA[pipeop-name]]></rde:name>
                    <rde:childs is-null="true" />
                    <rde:values>
                      <rde:AttributeValue index="0">
                        <rde:stringValue><![CDATA[MapValue]]></rde:stringValue>
                      </rde:AttributeValue>
                    </rde:values>
                  </rde:Attribute>
                  <rde:Attribute>
                    <rde:name><![CDATA[pipeop-strict]]></rde:name>
                    <rde:childs is-null="true" />
                    <rde:values>
                      <rde:AttributeValue index="0">
                        <rde:stringValue><![CDATA[true]]></rde:stringValue>
                      </rde:AttributeValue>
                    </rde:values>
                  </rde:Attribute>
                  <rde:Attribute>
                    <rde:name><![CDATA[parms]]></rde:name>
                    <rde:childs>
                      <rde:Attribute>
                        <rde:name><![CDATA[Exclude]]></rde:name>
                        <rde:childs is-null="true" />
                        <rde:values>
                          <rde:AttributeValue index="0">
                            <rde:stringValue><![CDATA[false]]></rde:stringValue>
                          </rde:AttributeValue>
                        </rde:values>
                      </rde:Attribute>
                      <rde:Attribute>
                        <rde:name><![CDATA[List]]></rde:name>
                        <rde:childs is-null="true" />
                        <rde:values>
                          <rde:AttributeValue index="0">
                            <rde:stringValue><![CDATA[1;2;3;4;5;6;7;8;9;10;11;12;13;14;15;16;17;18;19;20;99]]></rde:stringValue>
                          </rde:AttributeValue>
                        </rde:values>
                      </rde:Attribute>
                      <rde:Attribute>
                        <rde:name><![CDATA[Result]]></rde:name>
                        <rde:childs is-null="true" />
                        <rde:values>
                          <rde:AttributeValue index="0">
                            <rde:stringValue><![CDATA[error]]></rde:stringValue>
                          </rde:AttributeValue>
                        </rde:values>
                      </rde:Attribute>
                    </rde:childs>
                  </rde:Attribute>
                  <rde:Attribute>
                    <rde:name><![CDATA[pipeop-summary]]></rde:name>
                    <rde:childs is-null="true" />
                    <rde:values>
                      <rde:AttributeValue index="0">
                        <rde:stringValue><![CDATA[Exclude='false' List='1;2;3;4;5;6;7;8;9;10...15;16;17;18;19;20;99' Result='error' ]]></rde:stringValue>
                      </rde:AttributeValue>
                    </rde:values>
                  </rde:Attribute>
                </rde:childs>
              </rde:Attribute>
            </rde:childs>
            <rde:values>
              <rde:AttributeValue index="0">
                <rde:stringValue><![CDATA[cis-dyndialogue]]></rde:stringValue>
              </rde:AttributeValue>
            </rde:values>
          </rde:Attribute>
        </rde:childs>
      </rde:Attribute>
    </rde:childs>
    <rde:parent>
      <rde:Attribute />
    </rde:parent>
  </rde:Attribute>
</rde-idea:attribute>