<?xml version="1.0" encoding="UTF-8"?>

<rde-idea:meta version="4.0.1" xmlns:rde-dm="http://www.reddot.de/rde/ns/dm" xmlns:rde-fdl="http://www.reddot.de/rde/ns/fdl" xmlns:rde-idea="http://www.reddot.de/rde/ns/idea" xmlns:rde-rd="http://www.reddot.de/2000/rde/rd" xmlns:rde-xmaps="http://www.reddot.de/rde/ns/xmaps" xmlns:xsl="http://www.w3.org/1999/XSL/Transform" xmlns:xsl-template="http://www.reddot.de/rde/ns/template">
  <rde-idea:project>wbfcommunity</rde-idea:project>
  <rde-idea:errors>0</rde-idea:errors>
  <rde-idea:warnings>0</rde-idea:warnings>
  <rde-idea:objects>138</rde-idea:objects>
  <rde-idea:mode>0</rde-idea:mode>
  <rde-idea:name><![CDATA[default_20130330_002127]]></rde-idea:name>
  <rde-idea:start-time>1364599292072</rde-idea:start-time>
  <rde-idea:user><![CDATA[admin]]></rde-idea:user>
  <rde-idea:description><![CDATA[default_20130330_002127]]></rde-idea:description>
  <rde-idea:from-time desc="Mar 30, 2013 12:21:32 AM">0</rde-idea:from-time>
  <rde-idea:to-time desc="Mar 30, 2013 12:21:33 AM">1364599293890</rde-idea:to-time>
  <rde-idea:attributes>
    <rde-idea:attribute model-version="4.0" name="description" xmlns:rde="http://www.reddot.de/rde/ns">
      <rde:Attribute>
        <rde:name><![CDATA[description]]></rde:name>
        <rde:childs is-null="true" />
        <rde:values>
          <rde:AttributeValue index="0">
            <rde:stringValue><![CDATA[WEBertise Framework Data]]></rde:stringValue>
          </rde:AttributeValue>
        </rde:values>
      </rde:Attribute>
    </rde-idea:attribute>
    <rde-idea:attribute model-version="4.0" name="default" xmlns:rde="http://www.reddot.de/rde/ns">
      <rde:Attribute>
        <rde:name><![CDATA[default]]></rde:name>
        <rde:childs>
          <rde:Attribute>
            <rde:name><![CDATA[document]]></rde:name>
            <rde:childs is-null="true" />
            <rde:values>
              <rde:AttributeValue index="0">
                <rde:stringValue><![CDATA[]]></rde:stringValue>
              </rde:AttributeValue>
            </rde:values>
          </rde:Attribute>
          <rde:Attribute>
            <rde:name><![CDATA[stylesheet]]></rde:name>
            <rde:childs is-null="true" />
            <rde:values>
              <rde:AttributeValue index="0">
                <rde:stringValue><![CDATA[]]></rde:stringValue>
              </rde:AttributeValue>
            </rde:values>
          </rde:Attribute>
          <rde:Attribute>
            <rde:name><![CDATA[leasing_time]]></rde:name>
            <rde:childs is-null="true" />
            <rde:values>
              <rde:AttributeValue index="0">
                <rde:stringValue><![CDATA[60]]></rde:stringValue>
                <rde:longValue>60</rde:longValue>
              </rde:AttributeValue>
            </rde:values>
          </rde:Attribute>
          <rde:Attribute>
            <rde:name><![CDATA[cachingtime_search]]></rde:name>
            <rde:childs is-null="true" />
            <rde:values>
              <rde:AttributeValue index="0">
                <rde:stringValue><![CDATA[10]]></rde:stringValue>
                <rde:longValue>10</rde:longValue>
              </rde:AttributeValue>
            </rde:values>
          </rde:Attribute>
          <rde:Attribute>
            <rde:name><![CDATA[cachingtime_target]]></rde:name>
            <rde:childs is-null="true" />
            <rde:values>
              <rde:AttributeValue index="0">
                <rde:stringValue><![CDATA[10]]></rde:stringValue>
                <rde:longValue>10</rde:longValue>
              </rde:AttributeValue>
            </rde:values>
          </rde:Attribute>
          <rde:Attribute>
            <rde:name><![CDATA[locale]]></rde:name>
            <rde:childs is-null="true" />
            <rde:values>
              <rde:AttributeValue index="0">
                <rde:stringValue><![CDATA[en]]></rde:stringValue>
              </rde:AttributeValue>
            </rde:values>
          </rde:Attribute>
        </rde:childs>
      </rde:Attribute>
    </rde-idea:attribute>
    <rde-idea:attribute model-version="4.0" name="locales" xmlns:rde="http://www.reddot.de/rde/ns">
      <rde:Attribute>
        <rde:name><![CDATA[locales]]></rde:name>
        <rde:childs is-null="true" />
        <rde:values>
          <rde:AttributeValue index="0">
            <rde:stringValue><![CDATA[en]]></rde:stringValue>
          </rde:AttributeValue>
          <rde:AttributeValue index="1">
            <rde:stringValue><![CDATA[de]]></rde:stringValue>
          </rde:AttributeValue>
        </rde:values>
      </rde:Attribute>
    </rde-idea:attribute>
    <rde-idea:attribute model-version="4.0" name="archive" xmlns:rde="http://www.reddot.de/rde/ns">
      <rde:Attribute>
        <rde:name><![CDATA[archive]]></rde:name>
        <rde:childs>
          <rde:Attribute>
            <rde:name><![CDATA[depth]]></rde:name>
            <rde:childs is-null="true" />
            <rde:values>
              <rde:AttributeValue index="0">
                <rde:stringValue><![CDATA[0]]></rde:stringValue>
              </rde:AttributeValue>
            </rde:values>
          </rde:Attribute>
        </rde:childs>
      </rde:Attribute>
    </rde-idea:attribute>
    <rde-idea:attribute model-version="4.0" name="dynament_security_name" xmlns:rde="http://www.reddot.de/rde/ns">
      <rde:Attribute>
        <rde:name><![CDATA[dynament_security_name]]></rde:name>
        <rde:childs is-null="true" />
      </rde:Attribute>
    </rde-idea:attribute>
    <rde-idea:attribute model-version="4.0" name="unique_names" xmlns:rde="http://www.reddot.de/rde/ns">
      <rde:Attribute>
        <rde:name><![CDATA[unique_names]]></rde:name>
        <rde:childs is-null="true" />
        <rde:values>
          <rde:AttributeValue index="0">
            <rde:stringValue><![CDATA[true]]></rde:stringValue>
          </rde:AttributeValue>
        </rde:values>
      </rde:Attribute>
    </rde-idea:attribute>
    <rde-idea:attribute model-version="4.0" name="ndsauthentication" xmlns:rde="http://www.reddot.de/rde/ns">
      <rde:Attribute>
        <rde:name><![CDATA[ndsauthentication]]></rde:name>
        <rde:childs is-null="true" />
        <rde:values>
          <rde:AttributeValue index="0">
            <rde:stringValue><![CDATA[]]></rde:stringValue>
          </rde:AttributeValue>
        </rde:values>
      </rde:Attribute>
    </rde-idea:attribute>
    <rde-idea:attribute model-version="4.0" name="cookies" xmlns:rde="http://www.reddot.de/rde/ns">
      <rde:Attribute>
        <rde:name><![CDATA[cookies]]></rde:name>
        <rde:childs>
          <rde:Attribute>
            <rde:name><![CDATA[auth-cookie]]></rde:name>
            <rde:childs is-null="true" />
            <rde:values>
              <rde:AttributeValue index="0">
                <rde:stringValue><![CDATA[false]]></rde:stringValue>
              </rde:AttributeValue>
            </rde:values>
          </rde:Attribute>
          <rde:Attribute>
            <rde:name><![CDATA[auth-sso-cookie]]></rde:name>
            <rde:childs is-null="true" />
            <rde:values>
              <rde:AttributeValue index="0">
                <rde:stringValue><![CDATA[false]]></rde:stringValue>
              </rde:AttributeValue>
            </rde:values>
          </rde:Attribute>
          <rde:Attribute>
            <rde:name><![CDATA[enabled]]></rde:name>
            <rde:childs is-null="true" />
            <rde:values>
              <rde:AttributeValue index="0">
                <rde:stringValue><![CDATA[false]]></rde:stringValue>
              </rde:AttributeValue>
            </rde:values>
          </rde:Attribute>
          <rde:Attribute>
            <rde:name><![CDATA[sessionid-cookie]]></rde:name>
            <rde:childs is-null="true" />
            <rde:values>
              <rde:AttributeValue index="0">
                <rde:stringValue><![CDATA[true]]></rde:stringValue>
              </rde:AttributeValue>
            </rde:values>
          </rde:Attribute>
          <rde:Attribute>
            <rde:name><![CDATA[sessionid-cookie-format]]></rde:name>
            <rde:childs is-null="true" />
            <rde:values>
              <rde:AttributeValue index="0">
                <rde:stringValue><![CDATA[wbfSessionID]]></rde:stringValue>
              </rde:AttributeValue>
            </rde:values>
          </rde:Attribute>
          <rde:Attribute>
            <rde:name><![CDATA[sessionid-cookie-path]]></rde:name>
            <rde:childs is-null="true" />
            <rde:values>
              <rde:AttributeValue index="0">
                <rde:stringValue><![CDATA[/]]></rde:stringValue>
              </rde:AttributeValue>
            </rde:values>
          </rde:Attribute>
          <rde:Attribute>
            <rde:name><![CDATA[auth-cookie-format]]></rde:name>
            <rde:childs is-null="true" />
            <rde:values>
              <rde:AttributeValue index="0">
                <rde:stringValue><![CDATA[]]></rde:stringValue>
              </rde:AttributeValue>
            </rde:values>
          </rde:Attribute>
          <rde:Attribute>
            <rde:name><![CDATA[auth-cookie-path]]></rde:name>
            <rde:childs is-null="true" />
            <rde:values>
              <rde:AttributeValue index="0">
                <rde:stringValue><![CDATA[]]></rde:stringValue>
              </rde:AttributeValue>
            </rde:values>
          </rde:Attribute>
          <rde:Attribute>
            <rde:name><![CDATA[auth-cookie-maxage]]></rde:name>
            <rde:childs is-null="true" />
            <rde:values>
              <rde:AttributeValue index="0">
                <rde:stringValue><![CDATA[]]></rde:stringValue>
              </rde:AttributeValue>
            </rde:values>
          </rde:Attribute>
          <rde:Attribute>
            <rde:name><![CDATA[cookie-path]]></rde:name>
            <rde:childs is-null="true" />
            <rde:values>
              <rde:AttributeValue index="0">
                <rde:stringValue><![CDATA[]]></rde:stringValue>
              </rde:AttributeValue>
            </rde:values>
          </rde:Attribute>
        </rde:childs>
      </rde:Attribute>
    </rde-idea:attribute>
    <rde-idea:attribute model-version="4.0" name="multiplicity" xmlns:rde="http://www.reddot.de/rde/ns">
      <rde:Attribute>
        <rde:name><![CDATA[multiplicity]]></rde:name>
        <rde:childs is-null="true" />
        <rde:values>
          <rde:AttributeValue index="0">
            <rde:stringValue><![CDATA[default]]></rde:stringValue>
          </rde:AttributeValue>
        </rde:values>
      </rde:Attribute>
    </rde-idea:attribute>
    <rde-idea:attribute model-version="4.0" name="clientCookieMethod" xmlns:rde="http://www.reddot.de/rde/ns">
      <rde:Attribute>
        <rde:name><![CDATA[clientCookieMethod]]></rde:name>
        <rde:childs is-null="true" />
        <rde:values>
          <rde:AttributeValue index="0">
            <rde:stringValue><![CDATA[passiv]]></rde:stringValue>
          </rde:AttributeValue>
        </rde:values>
      </rde:Attribute>
    </rde-idea:attribute>
    <rde-idea:attribute model-version="4.0" name="floating-sessions-inheritfromsystem" xmlns:rde="http://www.reddot.de/rde/ns">
      <rde:Attribute>
        <rde:name><![CDATA[floating-sessions-inheritfromsystem]]></rde:name>
        <rde:childs is-null="true" />
        <rde:values>
          <rde:AttributeValue index="0">
            <rde:stringValue><![CDATA[false]]></rde:stringValue>
          </rde:AttributeValue>
        </rde:values>
      </rde:Attribute>
    </rde-idea:attribute>
    <rde-idea:attribute model-version="4.0" name="floating-sessions-allow" xmlns:rde="http://www.reddot.de/rde/ns">
      <rde:Attribute>
        <rde:name><![CDATA[floating-sessions-allow]]></rde:name>
        <rde:childs is-null="true" />
        <rde:values>
          <rde:AttributeValue index="0">
            <rde:stringValue><![CDATA[false]]></rde:stringValue>
          </rde:AttributeValue>
        </rde:values>
      </rde:Attribute>
    </rde-idea:attribute>
    <rde-idea:attribute model-version="4.0" name="floating-sessions-allowwithjsessionid" xmlns:rde="http://www.reddot.de/rde/ns">
      <rde:Attribute>
        <rde:name><![CDATA[floating-sessions-allowwithjsessionid]]></rde:name>
        <rde:childs is-null="true" />
        <rde:values>
          <rde:AttributeValue index="0">
            <rde:stringValue><![CDATA[false]]></rde:stringValue>
          </rde:AttributeValue>
        </rde:values>
      </rde:Attribute>
    </rde-idea:attribute>
    <rde-idea:attribute model-version="4.0" name="floating-sessions-noparallelrequest" xmlns:rde="http://www.reddot.de/rde/ns">
      <rde:Attribute>
        <rde:name><![CDATA[floating-sessions-noparallelrequest]]></rde:name>
        <rde:childs is-null="true" />
        <rde:values>
          <rde:AttributeValue index="0">
            <rde:stringValue><![CDATA[false]]></rde:stringValue>
          </rde:AttributeValue>
        </rde:values>
      </rde:Attribute>
    </rde-idea:attribute>
    <rde-idea:attribute model-version="4.0" name="sessionrules-initialize-anonymous" xmlns:rde="http://www.reddot.de/rde/ns">
      <rde:Attribute>
        <rde:name><![CDATA[sessionrules-initialize-anonymous]]></rde:name>
        <rde:childs is-null="true" />
        <rde:values>
          <rde:AttributeValue index="0">
            <rde:stringValue><![CDATA[false]]></rde:stringValue>
          </rde:AttributeValue>
        </rde:values>
      </rde:Attribute>
    </rde-idea:attribute>
    <rde-idea:attribute model-version="4.0" name="sessionrules-anonymous-only" xmlns:rde="http://www.reddot.de/rde/ns">
      <rde:Attribute>
        <rde:name><![CDATA[sessionrules-anonymous-only]]></rde:name>
        <rde:childs is-null="true" />
        <rde:values>
          <rde:AttributeValue index="0">
            <rde:stringValue><![CDATA[false]]></rde:stringValue>
          </rde:AttributeValue>
        </rde:values>
      </rde:Attribute>
    </rde-idea:attribute>
    <rde-idea:attribute model-version="4.0" name="sessionrules-criterion-ip" xmlns:rde="http://www.reddot.de/rde/ns">
      <rde:Attribute>
        <rde:name><![CDATA[sessionrules-criterion-ip]]></rde:name>
        <rde:childs is-null="true" />
        <rde:values>
          <rde:AttributeValue index="0">
            <rde:stringValue><![CDATA[false]]></rde:stringValue>
          </rde:AttributeValue>
        </rde:values>
      </rde:Attribute>
    </rde-idea:attribute>
    <rde-idea:attribute model-version="4.0" name="sessionrules-criterion-jsessionid" xmlns:rde="http://www.reddot.de/rde/ns">
      <rde:Attribute>
        <rde:name><![CDATA[sessionrules-criterion-jsessionid]]></rde:name>
        <rde:childs is-null="true" />
        <rde:values>
          <rde:AttributeValue index="0">
            <rde:stringValue><![CDATA[false]]></rde:stringValue>
          </rde:AttributeValue>
        </rde:values>
      </rde:Attribute>
    </rde-idea:attribute>
    <rde-idea:attribute model-version="4.0" name="header-sel-entry" xmlns:rde="http://www.reddot.de/rde/ns">
      <rde:Attribute>
        <rde:name><![CDATA[header-sel-entry]]></rde:name>
        <rde:childs is-null="true" />
        <rde:values>
          <rde:AttributeValue index="0">
            <rde:stringValue><![CDATA[cis-dyndialogue]]></rde:stringValue>
          </rde:AttributeValue>
        </rde:values>
      </rde:Attribute>
    </rde-idea:attribute>
    <rde-idea:attribute model-version="4.0" name="cookie-sel-entry" xmlns:rde="http://www.reddot.de/rde/ns">
      <rde:Attribute>
        <rde:name><![CDATA[cookie-sel-entry]]></rde:name>
        <rde:childs is-null="true" />
        <rde:values>
          <rde:AttributeValue index="0">
            <rde:stringValue><![CDATA[cis-dyndialogue]]></rde:stringValue>
          </rde:AttributeValue>
        </rde:values>
      </rde:Attribute>
    </rde-idea:attribute>
    <rde-idea:attribute model-version="4.0" name="requestparam-sel-entry" xmlns:rde="http://www.reddot.de/rde/ns">
      <rde:Attribute>
        <rde:name><![CDATA[requestparam-sel-entry]]></rde:name>
        <rde:childs is-null="true" />
        <rde:values>
          <rde:AttributeValue index="0">
            <rde:stringValue><![CDATA[cis-dyndialogue]]></rde:stringValue>
          </rde:AttributeValue>
        </rde:values>
      </rde:Attribute>
    </rde-idea:attribute>
    <rde-idea:attribute model-version="4.0" name="servletsession-sel-entry" xmlns:rde="http://www.reddot.de/rde/ns">
      <rde:Attribute>
        <rde:name><![CDATA[servletsession-sel-entry]]></rde:name>
        <rde:childs is-null="true" />
        <rde:values>
          <rde:AttributeValue index="0">
            <rde:stringValue><![CDATA[cis-dyndialogue]]></rde:stringValue>
          </rde:AttributeValue>
        </rde:values>
      </rde:Attribute>
    </rde-idea:attribute>
    <rde-idea:attribute model-version="4.0" name="weblet-sel-entry" xmlns:rde="http://www.reddot.de/rde/ns">
      <rde:Attribute>
        <rde:name><![CDATA[weblet-sel-entry]]></rde:name>
        <rde:childs is-null="true" />
        <rde:values>
          <rde:AttributeValue index="0">
            <rde:stringValue><![CDATA[cis-dyndialogue]]></rde:stringValue>
          </rde:AttributeValue>
        </rde:values>
      </rde:Attribute>
    </rde-idea:attribute>
    <rde-idea:attribute model-version="4.0" name="no-se-index" xmlns:rde="http://www.reddot.de/rde/ns">
      <rde:Attribute>
        <rde:name><![CDATA[no-se-index]]></rde:name>
        <rde:childs is-null="true" />
        <rde:values>
          <rde:AttributeValue index="0">
            <rde:stringValue><![CDATA[false]]></rde:stringValue>
          </rde:AttributeValue>
        </rde:values>
      </rde:Attribute>
    </rde-idea:attribute>
    <rde-idea:attribute model-version="4.0" name="indexing-connectors-dontuse" xmlns:rde="http://www.reddot.de/rde/ns">
      <rde:Attribute>
        <rde:name><![CDATA[indexing-connectors-dontuse]]></rde:name>
        <rde:childs is-null="true" />
        <rde:values>
          <rde:AttributeValue index="0">
            <rde:stringValue><![CDATA[false]]></rde:stringValue>
          </rde:AttributeValue>
        </rde:values>
      </rde:Attribute>
    </rde-idea:attribute>
    <rde-idea:attribute model-version="4.0" name="localePolicySearchEngine" xmlns:rde="http://www.reddot.de/rde/ns">
      <rde:Attribute>
        <rde:name><![CDATA[localePolicySearchEngine]]></rde:name>
        <rde:childs is-null="true" />
        <rde:values>
          <rde:AttributeValue index="0">
            <rde:stringValue><![CDATA[any]]></rde:stringValue>
          </rde:AttributeValue>
        </rde:values>
      </rde:Attribute>
    </rde-idea:attribute>
    <rde-idea:attribute model-version="4.0" name="searchEngineTagStorageProject" xmlns:rde="http://www.reddot.de/rde/ns">
      <rde:Attribute>
        <rde:name><![CDATA[searchEngineTagStorageProject]]></rde:name>
        <rde:childs is-null="true" />
        <rde:values>
          <rde:AttributeValue index="0">
            <rde:stringValue><![CDATA[]]></rde:stringValue>
          </rde:AttributeValue>
        </rde:values>
      </rde:Attribute>
    </rde-idea:attribute>
    <rde-idea:attribute model-version="4.0" name="targetOldSyntax" xmlns:rde="http://www.reddot.de/rde/ns">
      <rde:Attribute>
        <rde:name><![CDATA[targetOldSyntax]]></rde:name>
        <rde:childs is-null="true" />
        <rde:values>
          <rde:AttributeValue index="0">
            <rde:stringValue><![CDATA[false]]></rde:stringValue>
          </rde:AttributeValue>
        </rde:values>
      </rde:Attribute>
    </rde-idea:attribute>
    <rde-idea:attribute model-version="4.0" name="targets" xmlns:rde="http://www.reddot.de/rde/ns">
      <rde:Attribute>
        <rde:name><![CDATA[targets]]></rde:name>
        <rde:childs is-null="true" />
        <rde:values>
          <rde:AttributeValue index="0">
            <rde:stringValue><![CDATA[cis-dyndialogue]]></rde:stringValue>
          </rde:AttributeValue>
        </rde:values>
      </rde:Attribute>
    </rde-idea:attribute>
    <rde-idea:attribute model-version="4.0" name="global_includes" xmlns:rde="http://www.reddot.de/rde/ns">
      <rde:Attribute>
        <rde:name><![CDATA[global_includes]]></rde:name>
        <rde:childs>
          <rde:Attribute>
            <rde:name><![CDATA[xsl]]></rde:name>
            <rde:childs is-null="true" />
            <rde:values>
              <rde:AttributeValue index="0">
                <rde:stringValue><![CDATA[]]></rde:stringValue>
              </rde:AttributeValue>
            </rde:values>
          </rde:Attribute>
          <rde:Attribute>
            <rde:name><![CDATA[xsl_root]]></rde:name>
            <rde:childs is-null="true" />
            <rde:values>
              <rde:AttributeValue index="0">
                <rde:stringValue><![CDATA[false]]></rde:stringValue>
              </rde:AttributeValue>
            </rde:values>
          </rde:Attribute>
          <rde:Attribute>
            <rde:name><![CDATA[xml]]></rde:name>
            <rde:childs is-null="true" />
            <rde:values>
              <rde:AttributeValue index="0">
                <rde:stringValue><![CDATA[]]></rde:stringValue>
              </rde:AttributeValue>
            </rde:values>
          </rde:Attribute>
          <rde:Attribute>
            <rde:name><![CDATA[xml_root]]></rde:name>
            <rde:childs is-null="true" />
            <rde:values>
              <rde:AttributeValue index="0">
                <rde:stringValue><![CDATA[false]]></rde:stringValue>
              </rde:AttributeValue>
            </rde:values>
          </rde:Attribute>
          <rde:Attribute>
            <rde:name><![CDATA[html]]></rde:name>
            <rde:childs is-null="true" />
            <rde:values>
              <rde:AttributeValue index="0">
                <rde:stringValue><![CDATA[]]></rde:stringValue>
              </rde:AttributeValue>
            </rde:values>
          </rde:Attribute>
          <rde:Attribute>
            <rde:name><![CDATA[html_root]]></rde:name>
            <rde:childs is-null="true" />
            <rde:values>
              <rde:AttributeValue index="0">
                <rde:stringValue><![CDATA[false]]></rde:stringValue>
              </rde:AttributeValue>
            </rde:values>
          </rde:Attribute>
        </rde:childs>
      </rde:Attribute>
    </rde-idea:attribute>
    <rde-idea:attribute model-version="4.0" name="standard_pages" xmlns:rde="http://www.reddot.de/rde/ns">
      <rde:Attribute>
        <rde:name><![CDATA[standard_pages]]></rde:name>
        <rde:childs>
          <rde:Attribute>
            <rde:name><![CDATA[item-0]]></rde:name>
            <rde:childs>
              <rde:Attribute>
                <rde:name><![CDATA[seq-order]]></rde:name>
                <rde:childs is-null="true" />
                <rde:values>
                  <rde:AttributeValue index="0">
                    <rde:stringValue><![CDATA[0]]></rde:stringValue>
                  </rde:AttributeValue>
                </rde:values>
              </rde:Attribute>
              <rde:Attribute>
                <rde:name><![CDATA[active]]></rde:name>
                <rde:childs is-null="true" />
                <rde:values>
                  <rde:AttributeValue index="0">
                    <rde:stringValue><![CDATA[true]]></rde:stringValue>
                  </rde:AttributeValue>
                </rde:values>
              </rde:Attribute>
              <rde:Attribute>
                <rde:name><![CDATA[stysheet]]></rde:name>
                <rde:childs is-null="true" />
                <rde:values>
                  <rde:AttributeValue index="0">
                    <rde:stringValue><![CDATA[xsl/hs.xsl]]></rde:stringValue>
                  </rde:AttributeValue>
                </rde:values>
              </rde:Attribute>
              <rde:Attribute>
                <rde:name><![CDATA[id]]></rde:name>
                <rde:childs is-null="true" />
                <rde:values>
                  <rde:AttributeValue index="0">
                    <rde:stringValue><![CDATA[html/page-not-found.html]]></rde:stringValue>
                  </rde:AttributeValue>
                </rde:values>
              </rde:Attribute>
              <rde:Attribute>
                <rde:name><![CDATA[no-redirect]]></rde:name>
                <rde:childs is-null="true" />
                <rde:values>
                  <rde:AttributeValue index="0">
                    <rde:stringValue><![CDATA[false]]></rde:stringValue>
                  </rde:AttributeValue>
                </rde:values>
              </rde:Attribute>
              <rde:Attribute>
                <rde:name><![CDATA[type]]></rde:name>
                <rde:childs is-null="true" />
                <rde:values>
                  <rde:AttributeValue index="0">
                    <rde:stringValue><![CDATA[content_not_found]]></rde:stringValue>
                  </rde:AttributeValue>
                </rde:values>
              </rde:Attribute>
            </rde:childs>
          </rde:Attribute>
          <rde:Attribute>
            <rde:name><![CDATA[item-1]]></rde:name>
            <rde:childs>
              <rde:Attribute>
                <rde:name><![CDATA[seq-order]]></rde:name>
                <rde:childs is-null="true" />
                <rde:values>
                  <rde:AttributeValue index="0">
                    <rde:stringValue><![CDATA[1]]></rde:stringValue>
                    <rde:longValue>1</rde:longValue>
                  </rde:AttributeValue>
                </rde:values>
              </rde:Attribute>
              <rde:Attribute>
                <rde:name><![CDATA[active]]></rde:name>
                <rde:childs is-null="true" />
                <rde:values>
                  <rde:AttributeValue index="0">
                    <rde:stringValue><![CDATA[true]]></rde:stringValue>
                  </rde:AttributeValue>
                </rde:values>
              </rde:Attribute>
              <rde:Attribute>
                <rde:name><![CDATA[stysheet]]></rde:name>
                <rde:childs is-null="true" />
                <rde:values>
                  <rde:AttributeValue index="0">
                    <rde:stringValue><![CDATA[xsl/hs.xsl]]></rde:stringValue>
                  </rde:AttributeValue>
                </rde:values>
              </rde:Attribute>
              <rde:Attribute>
                <rde:name><![CDATA[id]]></rde:name>
                <rde:childs is-null="true" />
                <rde:values>
                  <rde:AttributeValue index="0">
                    <rde:stringValue><![CDATA[html/access-not-granted.html]]></rde:stringValue>
                  </rde:AttributeValue>
                </rde:values>
              </rde:Attribute>
              <rde:Attribute>
                <rde:name><![CDATA[no-redirect]]></rde:name>
                <rde:childs is-null="true" />
                <rde:values>
                  <rde:AttributeValue index="0">
                    <rde:stringValue><![CDATA[false]]></rde:stringValue>
                  </rde:AttributeValue>
                </rde:values>
              </rde:Attribute>
              <rde:Attribute>
                <rde:name><![CDATA[type]]></rde:name>
                <rde:childs is-null="true" />
                <rde:values>
                  <rde:AttributeValue index="0">
                    <rde:stringValue><![CDATA[access_denied_by_constraint]]></rde:stringValue>
                  </rde:AttributeValue>
                </rde:values>
              </rde:Attribute>
            </rde:childs>
          </rde:Attribute>
          <rde:Attribute>
            <rde:name><![CDATA[item-2]]></rde:name>
            <rde:childs>
              <rde:Attribute>
                <rde:name><![CDATA[seq-order]]></rde:name>
                <rde:childs is-null="true" />
                <rde:values>
                  <rde:AttributeValue index="0">
                    <rde:stringValue><![CDATA[2]]></rde:stringValue>
                    <rde:longValue>2</rde:longValue>
                  </rde:AttributeValue>
                </rde:values>
              </rde:Attribute>
              <rde:Attribute>
                <rde:name><![CDATA[active]]></rde:name>
                <rde:childs is-null="true" />
                <rde:values>
                  <rde:AttributeValue index="0">
                    <rde:stringValue><![CDATA[true]]></rde:stringValue>
                  </rde:AttributeValue>
                </rde:values>
              </rde:Attribute>
              <rde:Attribute>
                <rde:name><![CDATA[stysheet]]></rde:name>
                <rde:childs is-null="true" />
                <rde:values>
                  <rde:AttributeValue index="0">
                    <rde:stringValue><![CDATA[xsl/hs.xsl]]></rde:stringValue>
                  </rde:AttributeValue>
                </rde:values>
              </rde:Attribute>
              <rde:Attribute>
                <rde:name><![CDATA[id]]></rde:name>
                <rde:childs is-null="true" />
                <rde:values>
                  <rde:AttributeValue index="0">
                    <rde:stringValue><![CDATA[html/page-error.html]]></rde:stringValue>
                  </rde:AttributeValue>
                </rde:values>
              </rde:Attribute>
              <rde:Attribute>
                <rde:name><![CDATA[no-redirect]]></rde:name>
                <rde:childs is-null="true" />
                <rde:values>
                  <rde:AttributeValue index="0">
                    <rde:stringValue><![CDATA[false]]></rde:stringValue>
                  </rde:AttributeValue>
                </rde:values>
              </rde:Attribute>
              <rde:Attribute>
                <rde:name><![CDATA[type]]></rde:name>
                <rde:childs is-null="true" />
                <rde:values>
                  <rde:AttributeValue index="0">
                    <rde:stringValue><![CDATA[content_not_processable]]></rde:stringValue>
                  </rde:AttributeValue>
                </rde:values>
              </rde:Attribute>
            </rde:childs>
          </rde:Attribute>
        </rde:childs>
        <rde:values>
          <rde:AttributeValue index="0">
            <rde:stringValue><![CDATA[cis-dyndialogue]]></rde:stringValue>
          </rde:AttributeValue>
        </rde:values>
      </rde:Attribute>
    </rde-idea:attribute>
    <rde-idea:attribute model-version="4.0" name="cache_configs" xmlns:rde="http://www.reddot.de/rde/ns">
      <rde:Attribute>
        <rde:name><![CDATA[cache_configs]]></rde:name>
        <rde:childs>
          <rde:Attribute>
            <rde:name><![CDATA[item-0]]></rde:name>
            <rde:childs>
              <rde:Attribute>
                <rde:name><![CDATA[url]]></rde:name>
                <rde:childs is-null="true" />
                <rde:values>
                  <rde:AttributeValue index="0">
                    <rde:stringValue><![CDATA[*]]></rde:stringValue>
                  </rde:AttributeValue>
                </rde:values>
              </rde:Attribute>
              <rde:Attribute>
                <rde:name><![CDATA[time]]></rde:name>
                <rde:childs is-null="true" />
                <rde:values>
                  <rde:AttributeValue index="0">
                    <rde:stringValue><![CDATA[60]]></rde:stringValue>
                    <rde:longValue>60</rde:longValue>
                  </rde:AttributeValue>
                </rde:values>
              </rde:Attribute>
            </rde:childs>
          </rde:Attribute>
        </rde:childs>
        <rde:values>
          <rde:AttributeValue index="0">
            <rde:stringValue><![CDATA[cis-dyndialogue]]></rde:stringValue>
          </rde:AttributeValue>
        </rde:values>
      </rde:Attribute>
    </rde-idea:attribute>
    <rde-idea:attribute model-version="4.0" name="large_objects" xmlns:rde="http://www.reddot.de/rde/ns">
      <rde:Attribute>
        <rde:name><![CDATA[large_objects]]></rde:name>
        <rde:childs>
          <rde:Attribute>
            <rde:name><![CDATA[blob-cache-maxsize]]></rde:name>
            <rde:childs is-null="true" />
            <rde:values>
              <rde:AttributeValue index="0">
                <rde:stringValue><![CDATA[]]></rde:stringValue>
              </rde:AttributeValue>
            </rde:values>
          </rde:Attribute>
          <rde:Attribute>
            <rde:name><![CDATA[blobs-max-dbconnections]]></rde:name>
            <rde:childs is-null="true" />
            <rde:values>
              <rde:AttributeValue index="0">
                <rde:stringValue><![CDATA[]]></rde:stringValue>
              </rde:AttributeValue>
            </rde:values>
          </rde:Attribute>
          <rde:Attribute>
            <rde:name><![CDATA[blob-max-dbconnections]]></rde:name>
            <rde:childs is-null="true" />
            <rde:values>
              <rde:AttributeValue index="0">
                <rde:stringValue><![CDATA[]]></rde:stringValue>
              </rde:AttributeValue>
            </rde:values>
          </rde:Attribute>
          <rde:Attribute>
            <rde:name><![CDATA[blobs-timeout-dbconnections]]></rde:name>
            <rde:childs is-null="true" />
            <rde:values>
              <rde:AttributeValue index="0">
                <rde:stringValue><![CDATA[]]></rde:stringValue>
              </rde:AttributeValue>
            </rde:values>
          </rde:Attribute>
        </rde:childs>
        <rde:values>
          <rde:AttributeValue index="0">
            <rde:stringValue><![CDATA[cis-subdialogue]]></rde:stringValue>
          </rde:AttributeValue>
        </rde:values>
      </rde:Attribute>
    </rde-idea:attribute>
    <rde-idea:attribute model-version="4.0" name="syndication-config" xmlns:rde="http://www.reddot.de/rde/ns">
      <rde:Attribute>
        <rde:name><![CDATA[syndication-config]]></rde:name>
        <rde:childs is-null="true" />
        <rde:values>
          <rde:AttributeValue index="0">
            <rde:stringValue><![CDATA[cis-dyndialogue]]></rde:stringValue>
          </rde:AttributeValue>
        </rde:values>
      </rde:Attribute>
    </rde-idea:attribute>
    <rde-idea:attribute model-version="4.0" name="taggings" xmlns:rde="http://www.reddot.de/rde/ns">
      <rde:Attribute>
        <rde:name><![CDATA[taggings]]></rde:name>
        <rde:childs>
          <rde:Attribute>
            <rde:name><![CDATA[item-0]]></rde:name>
            <rde:childs>
              <rde:Attribute>
                <rde:name><![CDATA[seq-order]]></rde:name>
                <rde:childs is-null="true" />
                <rde:values>
                  <rde:AttributeValue index="0">
                    <rde:stringValue><![CDATA[0]]></rde:stringValue>
                  </rde:AttributeValue>
                </rde:values>
              </rde:Attribute>
              <rde:Attribute>
                <rde:name><![CDATA[tag_assignment_data]]></rde:name>
                <rde:childs>
                  <rde:Attribute>
                    <rde:name><![CDATA[target_name]]></rde:name>
                    <rde:childs is-null="true" />
                    <rde:values>
                      <rde:AttributeValue index="0">
                        <rde:stringValue><![CDATA[NewsTags]]></rde:stringValue>
                      </rde:AttributeValue>
                    </rde:values>
                  </rde:Attribute>
                  <rde:Attribute>
                    <rde:name><![CDATA[target_description]]></rde:name>
                    <rde:childs is-null="true" />
                    <rde:values>
                      <rde:AttributeValue index="0">
                        <rde:stringValue><![CDATA[]]></rde:stringValue>
                      </rde:AttributeValue>
                    </rde:values>
                  </rde:Attribute>
                  <rde:Attribute>
                    <rde:name><![CDATA[no-target-index]]></rde:name>
                    <rde:childs is-null="true" />
                    <rde:values>
                      <rde:AttributeValue index="0">
                        <rde:stringValue><![CDATA[false]]></rde:stringValue>
                      </rde:AttributeValue>
                    </rde:values>
                  </rde:Attribute>
                  <rde:Attribute>
                    <rde:name><![CDATA[targetDaoClassId]]></rde:name>
                    <rde:childs is-null="true" />
                    <rde:values>
                      <rde:AttributeValue index="0">
                        <rde:stringValue><![CDATA[54]]></rde:stringValue>
                        <rde:longValue>54</rde:longValue>
                      </rde:AttributeValue>
                    </rde:values>
                  </rde:Attribute>
                  <rde:Attribute>
                    <rde:name><![CDATA[indexId]]></rde:name>
                    <rde:childs is-null="true" />
                    <rde:values>
                      <rde:AttributeValue index="0">
                        <rde:stringValue><![CDATA[1]]></rde:stringValue>
                        <rde:longValue>1</rde:longValue>
                      </rde:AttributeValue>
                    </rde:values>
                  </rde:Attribute>
                  <rde:Attribute>
                    <rde:name><![CDATA[autoselect]]></rde:name>
                    <rde:childs is-null="true" />
                    <rde:values>
                      <rde:AttributeValue index="0">
                        <rde:stringValue><![CDATA[true]]></rde:stringValue>
                      </rde:AttributeValue>
                    </rde:values>
                  </rde:Attribute>
                  <rde:Attribute>
                    <rde:name><![CDATA[constraint]]></rde:name>
                    <rde:childs is-null="true" />
                    <rde:values>
                      <rde:AttributeValue index="0">
                        <rde:stringValue><![CDATA[]]></rde:stringValue>
                      </rde:AttributeValue>
                    </rde:values>
                  </rde:Attribute>
                  <rde:Attribute>
                    <rde:name><![CDATA[variants]]></rde:name>
                    <rde:childs>
                      <rde:Attribute>
                        <rde:name><![CDATA[item-0]]></rde:name>
                        <rde:childs>
                          <rde:Attribute>
                            <rde:name><![CDATA[variant_path]]></rde:name>
                            <rde:childs is-null="true" />
                            <rde:values>
                              <rde:AttributeValue index="0">
                                <rde:stringValue><![CDATA[content:category]]></rde:stringValue>
                              </rde:AttributeValue>
                            </rde:values>
                          </rde:Attribute>
                          <rde:Attribute>
                            <rde:name><![CDATA[fieldId]]></rde:name>
                            <rde:childs is-null="true" />
                            <rde:values>
                              <rde:AttributeValue index="0">
                                <rde:stringValue><![CDATA[3]]></rde:stringValue>
                                <rde:longValue>3</rde:longValue>
                              </rde:AttributeValue>
                            </rde:values>
                          </rde:Attribute>
                          <rde:Attribute>
                            <rde:name><![CDATA[variant_multi_value]]></rde:name>
                            <rde:childs is-null="true" />
                            <rde:values>
                              <rde:AttributeValue index="0">
                                <rde:stringValue><![CDATA[true]]></rde:stringValue>
                              </rde:AttributeValue>
                            </rde:values>
                          </rde:Attribute>
                          <rde:Attribute>
                            <rde:name><![CDATA[variant_type]]></rde:name>
                            <rde:childs is-null="true" />
                            <rde:values>
                              <rde:AttributeValue index="0">
                                <rde:stringValue><![CDATA[0]]></rde:stringValue>
                              </rde:AttributeValue>
                            </rde:values>
                          </rde:Attribute>
                          <rde:Attribute>
                            <rde:name><![CDATA[seq-order]]></rde:name>
                            <rde:childs is-null="true" />
                            <rde:values>
                              <rde:AttributeValue index="0">
                                <rde:stringValue><![CDATA[0]]></rde:stringValue>
                              </rde:AttributeValue>
                            </rde:values>
                          </rde:Attribute>
                          <rde:Attribute>
                            <rde:name><![CDATA[consider_group_attributes]]></rde:name>
                            <rde:childs is-null="true" />
                            <rde:values>
                              <rde:AttributeValue index="0">
                                <rde:stringValue><![CDATA[false]]></rde:stringValue>
                              </rde:AttributeValue>
                            </rde:values>
                          </rde:Attribute>
                          <rde:Attribute>
                            <rde:name><![CDATA[variant_inline]]></rde:name>
                            <rde:childs is-null="true" />
                            <rde:values>
                              <rde:AttributeValue index="0">
                                <rde:stringValue><![CDATA[]]></rde:stringValue>
                              </rde:AttributeValue>
                            </rde:values>
                          </rde:Attribute>
                          <rde:Attribute>
                            <rde:name><![CDATA[variant_alias]]></rde:name>
                            <rde:childs is-null="true" />
                            <rde:values>
                              <rde:AttributeValue index="0">
                                <rde:stringValue><![CDATA[]]></rde:stringValue>
                              </rde:AttributeValue>
                            </rde:values>
                          </rde:Attribute>
                        </rde:childs>
                        <rde:values>
                          <rde:AttributeValue index="0">
                            <rde:stringValue><![CDATA[]]></rde:stringValue>
                          </rde:AttributeValue>
                        </rde:values>
                      </rde:Attribute>
                    </rde:childs>
                    <rde:values>
                      <rde:AttributeValue index="0">
                        <rde:stringValue><![CDATA[]]></rde:stringValue>
                      </rde:AttributeValue>
                    </rde:values>
                  </rde:Attribute>
                  <rde:Attribute>
                    <rde:name><![CDATA[index]]></rde:name>
                    <rde:childs>
                      <rde:Attribute>
                        <rde:name><![CDATA[item-0]]></rde:name>
                        <rde:childs>
                          <rde:Attribute>
                            <rde:name><![CDATA[index_name]]></rde:name>
                            <rde:childs is-null="true" />
                            <rde:values>
                              <rde:AttributeValue index="0">
                                <rde:stringValue><![CDATA[category]]></rde:stringValue>
                              </rde:AttributeValue>
                            </rde:values>
                          </rde:Attribute>
                          <rde:Attribute>
                            <rde:name><![CDATA[seq-order]]></rde:name>
                            <rde:childs is-null="true" />
                            <rde:values>
                              <rde:AttributeValue index="0">
                                <rde:stringValue><![CDATA[0]]></rde:stringValue>
                              </rde:AttributeValue>
                            </rde:values>
                          </rde:Attribute>
                          <rde:Attribute>
                            <rde:name><![CDATA[fields]]></rde:name>
                            <rde:childs>
                              <rde:Attribute>
                                <rde:name><![CDATA[item-0]]></rde:name>
                                <rde:childs>
                                  <rde:Attribute>
                                    <rde:name><![CDATA[seq-order]]></rde:name>
                                    <rde:childs is-null="true" />
                                    <rde:values>
                                      <rde:AttributeValue index="0">
                                        <rde:stringValue><![CDATA[0]]></rde:stringValue>
                                      </rde:AttributeValue>
                                    </rde:values>
                                  </rde:Attribute>
                                  <rde:Attribute>
                                    <rde:name><![CDATA[index_path]]></rde:name>
                                    <rde:childs is-null="true" />
                                    <rde:values>
                                      <rde:AttributeValue index="0">
                                        <rde:stringValue><![CDATA[content:category]]></rde:stringValue>
                                      </rde:AttributeValue>
                                    </rde:values>
                                  </rde:Attribute>
                                </rde:childs>
                              </rde:Attribute>
                            </rde:childs>
                            <rde:values>
                              <rde:AttributeValue index="0">
                                <rde:stringValue><![CDATA[]]></rde:stringValue>
                              </rde:AttributeValue>
                            </rde:values>
                          </rde:Attribute>
                        </rde:childs>
                        <rde:values>
                          <rde:AttributeValue index="0">
                            <rde:stringValue><![CDATA[]]></rde:stringValue>
                          </rde:AttributeValue>
                        </rde:values>
                      </rde:Attribute>
                    </rde:childs>
                    <rde:values>
                      <rde:AttributeValue index="0">
                        <rde:stringValue><![CDATA[]]></rde:stringValue>
                      </rde:AttributeValue>
                    </rde:values>
                  </rde:Attribute>
                  <rde:Attribute>
                    <rde:name><![CDATA[tagging_user_name]]></rde:name>
                    <rde:childs is-null="true" />
                    <rde:values>
                      <rde:AttributeValue index="0">
                        <rde:stringValue><![CDATA[true]]></rde:stringValue>
                      </rde:AttributeValue>
                    </rde:values>
                  </rde:Attribute>
                  <rde:Attribute>
                    <rde:name><![CDATA[tagging_save_assignment]]></rde:name>
                    <rde:childs is-null="true" />
                    <rde:values>
                      <rde:AttributeValue index="0">
                        <rde:stringValue><![CDATA[true]]></rde:stringValue>
                      </rde:AttributeValue>
                    </rde:values>
                  </rde:Attribute>
                  <rde:Attribute>
                    <rde:name><![CDATA[tagging_assign_language_rubric]]></rde:name>
                    <rde:childs is-null="true" />
                    <rde:values>
                      <rde:AttributeValue index="0">
                        <rde:stringValue><![CDATA[true]]></rde:stringValue>
                      </rde:AttributeValue>
                    </rde:values>
                  </rde:Attribute>
                </rde:childs>
                <rde:values>
                  <rde:AttributeValue index="0">
                    <rde:stringValue><![CDATA[cis-subdialogue]]></rde:stringValue>
                  </rde:AttributeValue>
                </rde:values>
              </rde:Attribute>
              <rde:Attribute>
                <rde:name><![CDATA[tagging_white_list]]></rde:name>
                <rde:childs>
                  <rde:Attribute>
                    <rde:name><![CDATA[tagging_suggestion]]></rde:name>
                    <rde:childs is-null="true" />
                    <rde:values>
                      <rde:AttributeValue index="0">
                        <rde:stringValue><![CDATA[ALL_DEFINED_TAGS]]></rde:stringValue>
                      </rde:AttributeValue>
                    </rde:values>
                  </rde:Attribute>
                  <rde:Attribute>
                    <rde:name><![CDATA[tagging_white_list_project]]></rde:name>
                    <rde:childs is-null="true" />
                    <rde:values>
                      <rde:AttributeValue index="0">
                        <rde:stringValue><![CDATA[]]></rde:stringValue>
                      </rde:AttributeValue>
                    </rde:values>
                  </rde:Attribute>
                  <rde:Attribute>
                    <rde:name><![CDATA[tagging_white_list_content]]></rde:name>
                    <rde:childs is-null="true" />
                    <rde:values>
                      <rde:AttributeValue index="0">
                        <rde:stringValue><![CDATA[]]></rde:stringValue>
                      </rde:AttributeValue>
                    </rde:values>
                  </rde:Attribute>
                </rde:childs>
                <rde:values>
                  <rde:AttributeValue index="0">
                    <rde:stringValue><![CDATA[cis-subdialogue]]></rde:stringValue>
                  </rde:AttributeValue>
                </rde:values>
              </rde:Attribute>
              <rde:Attribute>
                <rde:name><![CDATA[tagging_black_list]]></rde:name>
                <rde:childs is-null="true" />
                <rde:values>
                  <rde:AttributeValue index="0">
                    <rde:stringValue><![CDATA[cis-subdialogue]]></rde:stringValue>
                  </rde:AttributeValue>
                </rde:values>
              </rde:Attribute>
              <rde:Attribute>
                <rde:name><![CDATA[tagAggregationRules]]></rde:name>
                <rde:childs>
                  <rde:Attribute>
                    <rde:name><![CDATA[item-0]]></rde:name>
                    <rde:childs>
                      <rde:Attribute>
                        <rde:name><![CDATA[aggregationName]]></rde:name>
                        <rde:childs is-null="true" />
                        <rde:values>
                          <rde:AttributeValue index="0">
                            <rde:stringValue><![CDATA[default]]></rde:stringValue>
                          </rde:AttributeValue>
                        </rde:values>
                      </rde:Attribute>
                      <rde:Attribute>
                        <rde:name><![CDATA[aggregationAttributes]]></rde:name>
                        <rde:childs>
                          <rde:Attribute>
                            <rde:name><![CDATA[item-0]]></rde:name>
                            <rde:childs>
                              <rde:Attribute>
                                <rde:name><![CDATA[aggregationAttributeSource]]></rde:name>
                                <rde:childs is-null="true" />
                                <rde:values>
                                  <rde:AttributeValue index="0">
                                    <rde:stringValue><![CDATA[content]]></rde:stringValue>
                                  </rde:AttributeValue>
                                </rde:values>
                              </rde:Attribute>
                              <rde:Attribute>
                                <rde:name><![CDATA[aggregationAttributePath]]></rde:name>
                                <rde:childs is-null="true" />
                                <rde:values>
                                  <rde:AttributeValue index="0">
                                    <rde:stringValue><![CDATA[category]]></rde:stringValue>
                                  </rde:AttributeValue>
                                </rde:values>
                              </rde:Attribute>
                            </rde:childs>
                          </rde:Attribute>
                        </rde:childs>
                        <rde:values>
                          <rde:AttributeValue index="0">
                            <rde:stringValue><![CDATA[cis-multidialogue]]></rde:stringValue>
                          </rde:AttributeValue>
                        </rde:values>
                      </rde:Attribute>
                      <rde:Attribute>
                        <rde:name><![CDATA[aggregationTimepattern]]></rde:name>
                        <rde:childs>
                          <rde:Attribute>
                            <rde:name><![CDATA[item-0]]></rde:name>
                            <rde:childs>
                              <rde:Attribute>
                                <rde:name><![CDATA[aggregationTimeStep]]></rde:name>
                                <rde:childs is-null="true" />
                                <rde:values>
                                  <rde:AttributeValue index="0">
                                    <rde:stringValue><![CDATA[ever]]></rde:stringValue>
                                  </rde:AttributeValue>
                                </rde:values>
                              </rde:Attribute>
                              <rde:Attribute>
                                <rde:name><![CDATA[aggregationTimeCount]]></rde:name>
                                <rde:childs is-null="true" />
                                <rde:values>
                                  <rde:AttributeValue index="0">
                                    <rde:stringValue><![CDATA[1]]></rde:stringValue>
                                    <rde:longValue>1</rde:longValue>
                                  </rde:AttributeValue>
                                </rde:values>
                              </rde:Attribute>
                              <rde:Attribute>
                                <rde:name><![CDATA[aggregationTimeActive]]></rde:name>
                                <rde:childs is-null="true" />
                                <rde:values>
                                  <rde:AttributeValue index="0">
                                    <rde:stringValue><![CDATA[true]]></rde:stringValue>
                                  </rde:AttributeValue>
                                </rde:values>
                              </rde:Attribute>
                            </rde:childs>
                            <rde:values>
                              <rde:AttributeValue index="0">
                                <rde:stringValue><![CDATA[]]></rde:stringValue>
                              </rde:AttributeValue>
                            </rde:values>
                          </rde:Attribute>
                          <rde:Attribute>
                            <rde:name><![CDATA[item-1]]></rde:name>
                            <rde:childs>
                              <rde:Attribute>
                                <rde:name><![CDATA[aggregationTimeStep]]></rde:name>
                                <rde:childs is-null="true" />
                                <rde:values>
                                  <rde:AttributeValue index="0">
                                    <rde:stringValue><![CDATA[year]]></rde:stringValue>
                                  </rde:AttributeValue>
                                </rde:values>
                              </rde:Attribute>
                              <rde:Attribute>
                                <rde:name><![CDATA[aggregationTimeCount]]></rde:name>
                                <rde:childs is-null="true" />
                                <rde:values>
                                  <rde:AttributeValue index="0">
                                    <rde:stringValue><![CDATA[2]]></rde:stringValue>
                                    <rde:longValue>2</rde:longValue>
                                  </rde:AttributeValue>
                                </rde:values>
                              </rde:Attribute>
                              <rde:Attribute>
                                <rde:name><![CDATA[aggregationTimeActive]]></rde:name>
                                <rde:childs is-null="true" />
                                <rde:values>
                                  <rde:AttributeValue index="0">
                                    <rde:stringValue><![CDATA[true]]></rde:stringValue>
                                  </rde:AttributeValue>
                                </rde:values>
                              </rde:Attribute>
                            </rde:childs>
                            <rde:values>
                              <rde:AttributeValue index="0">
                                <rde:stringValue><![CDATA[]]></rde:stringValue>
                              </rde:AttributeValue>
                            </rde:values>
                          </rde:Attribute>
                          <rde:Attribute>
                            <rde:name><![CDATA[item-2]]></rde:name>
                            <rde:childs>
                              <rde:Attribute>
                                <rde:name><![CDATA[aggregationTimeStep]]></rde:name>
                                <rde:childs is-null="true" />
                                <rde:values>
                                  <rde:AttributeValue index="0">
                                    <rde:stringValue><![CDATA[month]]></rde:stringValue>
                                  </rde:AttributeValue>
                                </rde:values>
                              </rde:Attribute>
                              <rde:Attribute>
                                <rde:name><![CDATA[aggregationTimeCount]]></rde:name>
                                <rde:childs is-null="true" />
                                <rde:values>
                                  <rde:AttributeValue index="0">
                                    <rde:stringValue><![CDATA[24]]></rde:stringValue>
                                    <rde:longValue>24</rde:longValue>
                                  </rde:AttributeValue>
                                </rde:values>
                              </rde:Attribute>
                              <rde:Attribute>
                                <rde:name><![CDATA[aggregationTimeActive]]></rde:name>
                                <rde:childs is-null="true" />
                                <rde:values>
                                  <rde:AttributeValue index="0">
                                    <rde:stringValue><![CDATA[true]]></rde:stringValue>
                                  </rde:AttributeValue>
                                </rde:values>
                              </rde:Attribute>
                            </rde:childs>
                            <rde:values>
                              <rde:AttributeValue index="0">
                                <rde:stringValue><![CDATA[]]></rde:stringValue>
                              </rde:AttributeValue>
                            </rde:values>
                          </rde:Attribute>
                          <rde:Attribute>
                            <rde:name><![CDATA[item-3]]></rde:name>
                            <rde:childs>
                              <rde:Attribute>
                                <rde:name><![CDATA[aggregationTimeStep]]></rde:name>
                                <rde:childs is-null="true" />
                                <rde:values>
                                  <rde:AttributeValue index="0">
                                    <rde:stringValue><![CDATA[day]]></rde:stringValue>
                                  </rde:AttributeValue>
                                </rde:values>
                              </rde:Attribute>
                              <rde:Attribute>
                                <rde:name><![CDATA[aggregationTimeCount]]></rde:name>
                                <rde:childs is-null="true" />
                                <rde:values>
                                  <rde:AttributeValue index="0">
                                    <rde:stringValue><![CDATA[62]]></rde:stringValue>
                                    <rde:longValue>62</rde:longValue>
                                  </rde:AttributeValue>
                                </rde:values>
                              </rde:Attribute>
                              <rde:Attribute>
                                <rde:name><![CDATA[aggregationTimeActive]]></rde:name>
                                <rde:childs is-null="true" />
                                <rde:values>
                                  <rde:AttributeValue index="0">
                                    <rde:stringValue><![CDATA[true]]></rde:stringValue>
                                  </rde:AttributeValue>
                                </rde:values>
                              </rde:Attribute>
                            </rde:childs>
                            <rde:values>
                              <rde:AttributeValue index="0">
                                <rde:stringValue><![CDATA[]]></rde:stringValue>
                              </rde:AttributeValue>
                            </rde:values>
                          </rde:Attribute>
                          <rde:Attribute>
                            <rde:name><![CDATA[item-4]]></rde:name>
                            <rde:childs>
                              <rde:Attribute>
                                <rde:name><![CDATA[aggregationTimeStep]]></rde:name>
                                <rde:childs is-null="true" />
                                <rde:values>
                                  <rde:AttributeValue index="0">
                                    <rde:stringValue><![CDATA[hour]]></rde:stringValue>
                                  </rde:AttributeValue>
                                </rde:values>
                              </rde:Attribute>
                              <rde:Attribute>
                                <rde:name><![CDATA[aggregationTimeCount]]></rde:name>
                                <rde:childs is-null="true" />
                                <rde:values>
                                  <rde:AttributeValue index="0">
                                    <rde:stringValue><![CDATA[48]]></rde:stringValue>
                                    <rde:longValue>48</rde:longValue>
                                  </rde:AttributeValue>
                                </rde:values>
                              </rde:Attribute>
                              <rde:Attribute>
                                <rde:name><![CDATA[aggregationTimeActive]]></rde:name>
                                <rde:childs is-null="true" />
                                <rde:values>
                                  <rde:AttributeValue index="0">
                                    <rde:stringValue><![CDATA[true]]></rde:stringValue>
                                  </rde:AttributeValue>
                                </rde:values>
                              </rde:Attribute>
                            </rde:childs>
                            <rde:values>
                              <rde:AttributeValue index="0">
                                <rde:stringValue><![CDATA[]]></rde:stringValue>
                              </rde:AttributeValue>
                            </rde:values>
                          </rde:Attribute>
                        </rde:childs>
                        <rde:values>
                          <rde:AttributeValue index="0">
                            <rde:stringValue><![CDATA[cis-multidialogue]]></rde:stringValue>
                          </rde:AttributeValue>
                        </rde:values>
                      </rde:Attribute>
                      <rde:Attribute>
                        <rde:name><![CDATA[aggregationDescription]]></rde:name>
                        <rde:childs is-null="true" />
                        <rde:values>
                          <rde:AttributeValue index="0">
                            <rde:stringValue><![CDATA[]]></rde:stringValue>
                          </rde:AttributeValue>
                        </rde:values>
                      </rde:Attribute>
                      <rde:Attribute>
                        <rde:name><![CDATA[aggregationActive]]></rde:name>
                        <rde:childs is-null="true" />
                        <rde:values>
                          <rde:AttributeValue index="0">
                            <rde:stringValue><![CDATA[true]]></rde:stringValue>
                          </rde:AttributeValue>
                        </rde:values>
                      </rde:Attribute>
                      <rde:Attribute>
                        <rde:name><![CDATA[aggregationMultiCount]]></rde:name>
                        <rde:childs is-null="true" />
                        <rde:values>
                          <rde:AttributeValue index="0">
                            <rde:stringValue><![CDATA[false]]></rde:stringValue>
                          </rde:AttributeValue>
                        </rde:values>
                      </rde:Attribute>
                      <rde:Attribute>
                        <rde:name><![CDATA[aggregationManualEdit]]></rde:name>
                        <rde:childs is-null="true" />
                        <rde:values>
                          <rde:AttributeValue index="0">
                            <rde:stringValue><![CDATA[false]]></rde:stringValue>
                          </rde:AttributeValue>
                        </rde:values>
                      </rde:Attribute>
                      <rde:Attribute>
                        <rde:name><![CDATA[aggregationRuleType]]></rde:name>
                        <rde:childs is-null="true" />
                        <rde:values>
                          <rde:AttributeValue index="0">
                            <rde:stringValue><![CDATA[TAG]]></rde:stringValue>
                          </rde:AttributeValue>
                        </rde:values>
                      </rde:Attribute>
                      <rde:Attribute>
                        <rde:name><![CDATA[aggregationConstraint]]></rde:name>
                        <rde:childs is-null="true" />
                        <rde:values>
                          <rde:AttributeValue index="0">
                            <rde:stringValue><![CDATA[]]></rde:stringValue>
                          </rde:AttributeValue>
                        </rde:values>
                      </rde:Attribute>
                      <rde:Attribute>
                        <rde:name><![CDATA[aggregationLastChange]]></rde:name>
                        <rde:childs is-null="true" />
                        <rde:values>
                          <rde:AttributeValue index="0">
                            <rde:stringValue><![CDATA[1358443960231]]></rde:stringValue>
                          </rde:AttributeValue>
                        </rde:values>
                      </rde:Attribute>
                    </rde:childs>
                  </rde:Attribute>
                </rde:childs>
                <rde:values>
                  <rde:AttributeValue index="0">
                    <rde:stringValue><![CDATA[cis-dyndialogue]]></rde:stringValue>
                  </rde:AttributeValue>
                </rde:values>
              </rde:Attribute>
              <rde:Attribute>
                <rde:name><![CDATA[tag_storage_project]]></rde:name>
                <rde:childs is-null="true" />
                <rde:values>
                  <rde:AttributeValue index="0">
                    <rde:stringValue><![CDATA[wbfcommunity]]></rde:stringValue>
                  </rde:AttributeValue>
                </rde:values>
              </rde:Attribute>
              <rde:Attribute>
                <rde:name><![CDATA[tagging_name]]></rde:name>
                <rde:childs is-null="true" />
                <rde:values>
                  <rde:AttributeValue index="0">
                    <rde:stringValue><![CDATA[NewsTags]]></rde:stringValue>
                  </rde:AttributeValue>
                </rde:values>
              </rde:Attribute>
              <rde:Attribute>
                <rde:name><![CDATA[tagging_desc]]></rde:name>
                <rde:childs is-null="true" />
                <rde:values>
                  <rde:AttributeValue index="0">
                    <rde:stringValue><![CDATA[]]></rde:stringValue>
                  </rde:AttributeValue>
                </rde:values>
              </rde:Attribute>
              <rde:Attribute>
                <rde:name><![CDATA[tagging_active]]></rde:name>
                <rde:childs is-null="true" />
                <rde:values>
                  <rde:AttributeValue index="0">
                    <rde:stringValue><![CDATA[true]]></rde:stringValue>
                  </rde:AttributeValue>
                </rde:values>
              </rde:Attribute>
              <rde:Attribute>
                <rde:name><![CDATA[user_permission]]></rde:name>
                <rde:childs is-null="true" />
                <rde:values>
                  <rde:AttributeValue index="0">
                    <rde:stringValue><![CDATA[USER_CONSTRAINT]]></rde:stringValue>
                  </rde:AttributeValue>
                </rde:values>
              </rde:Attribute>
              <rde:Attribute>
                <rde:name><![CDATA[tagging_user_constraint]]></rde:name>
                <rde:childs is-null="true" />
                <rde:values>
                  <rde:AttributeValue index="0">
                    <rde:stringValue><![CDATA[user:rde-groups containsany "wbfMembers.wbfCommunity"]]></rde:stringValue>
                  </rde:AttributeValue>
                </rde:values>
              </rde:Attribute>
              <rde:Attribute>
                <rde:name><![CDATA[tagging_allow_community_tags]]></rde:name>
                <rde:childs is-null="true" />
                <rde:values>
                  <rde:AttributeValue index="0">
                    <rde:stringValue><![CDATA[true]]></rde:stringValue>
                  </rde:AttributeValue>
                </rde:values>
              </rde:Attribute>
              <rde:Attribute>
                <rde:name><![CDATA[tagging_allow_multi_assignments]]></rde:name>
                <rde:childs is-null="true" />
                <rde:values>
                  <rde:AttributeValue index="0">
                    <rde:stringValue><![CDATA[false]]></rde:stringValue>
                  </rde:AttributeValue>
                </rde:values>
              </rde:Attribute>
              <rde:Attribute>
                <rde:name><![CDATA[tag_assignment_uniqueness_expression]]></rde:name>
                <rde:childs is-null="true" />
                <rde:values>
                  <rde:AttributeValue index="0">
                    <rde:stringValue><![CDATA[[#user.rde-fields.login#]]]></rde:stringValue>
                  </rde:AttributeValue>
                </rde:values>
              </rde:Attribute>
              <rde:Attribute>
                <rde:name><![CDATA[tagging_delete_tag_assignment_if_dest_obj_not_exists]]></rde:name>
                <rde:childs is-null="true" />
                <rde:values>
                  <rde:AttributeValue index="0">
                    <rde:stringValue><![CDATA[true]]></rde:stringValue>
                  </rde:AttributeValue>
                </rde:values>
              </rde:Attribute>
            </rde:childs>
          </rde:Attribute>
        </rde:childs>
        <rde:values>
          <rde:AttributeValue index="0">
            <rde:stringValue><![CDATA[cis-dyndialogue]]></rde:stringValue>
          </rde:AttributeValue>
        </rde:values>
      </rde:Attribute>
    </rde-idea:attribute>
  </rde-idea:attributes>
</rde-idea:meta>